model,dataset,task,task_type,seed,n_trials,metric,device,selected,config,config_id,config_tag,val_score,test_score,fit_time_tuning,predict_time_tuning,fit_time_refit,predict_time_refit,error,val_average_precision,val_accuracy,val_f1,val_roc_auc,test_average_precision,test_accuracy,test_f1,test_roc_auc,val_r2,val_mae,val_rmse,test_r2,test_mae,test_rmse
relgnn,rel-amazon,item-churn,BINARY_CLASSIFICATION,0,10,roc_auc,rtx-pro-6000,False,"{""aggr"": ""sum"", ""channels"": 128, ""lr"": 0.005, ""num_heads"": 8, ""num_model_layers"": 2, ""num_neighbors"": 128, ""simplified_MP"": false, ""subgraph_type"": ""directional""}",afe1474f,default,0.7720068115430443,0.7757135158676898,531.723874443,6.72801263100007,340.3794189729997,7.333211643999675,,0.6648760226290213,0.6946856586507887,0.5676556610164089,0.7720068115430443,0.6281188350975616,0.7132616487455197,0.5836669335468375,0.7757135158676898,,,,,,
relgnn,rel-amazon,item-churn,BINARY_CLASSIFICATION,0,10,roc_auc,rtx-pro-6000,True,"{""aggr"": ""sum"", ""channels"": 128, ""lr"": 0.0011394964521, ""num_heads"": 4, ""num_model_layers"": 2, ""num_neighbors"": 64, ""subgraph_type"": ""bidirectional""}",70b52bd0,r1,0.8019920619235477,0.774158934118254,400.84018314000014,5.822347153999999,486.22124493000047,5.770255466999515,,0.7026888215673222,0.7304053711822341,0.6611924464247825,0.8019920619235477,0.626764965214051,0.7200644921542537,0.6039483056884095,0.774158934118254,,,,,,
relgnn,rel-amazon,item-churn,BINARY_CLASSIFICATION,0,10,roc_auc,rtx-pro-6000,False,"{""aggr"": ""mean"", ""channels"": 128, ""lr"": 0.0018735112039, ""num_heads"": 4, ""num_model_layers"": 1, ""num_neighbors"": 256, ""subgraph_type"": ""bidirectional""}",79b72acf,r2,0.7678824250266647,,408.34695262699984,7.904360367999971,,,,0.6605582989411347,0.7001390069165789,0.6045745328247221,0.7678824250266647,,,,,,,,,,
relgnn,rel-amazon,item-churn,BINARY_CLASSIFICATION,0,10,roc_auc,rtx-pro-6000,False,"{""aggr"": ""mean"", ""channels"": 256, ""lr"": 0.0030037592231, ""num_heads"": 4, ""num_model_layers"": 1, ""num_neighbors"": 64, ""subgraph_type"": ""directional""}",ce9904b8,r3,0.7718124546095311,,339.9369216979999,5.048888224999928,,,,0.6714843205127725,0.709317965659101,0.617946195439113,0.7718124546095311,,,,,,,,,,
relgnn,rel-amazon,item-churn,BINARY_CLASSIFICATION,0,10,roc_auc,rtx-pro-6000,False,"{""aggr"": ""sum"", ""channels"": 64, ""lr"": 0.00648886485, ""num_heads"": 4, ""num_model_layers"": 2, ""num_neighbors"": 128, ""subgraph_type"": ""bidirectional""}",f0bb2bad,r4,0.7696146061758736,,430.1510488810002,6.372368598000321,,,,0.6594118161741209,0.7014165198746124,0.6039991938914888,0.7696146061758736,,,,,,,,,,
relgnn,rel-amazon,item-churn,BINARY_CLASSIFICATION,0,10,roc_auc,rtx-pro-6000,False,"{""aggr"": ""mean"", ""channels"": 256, ""lr"": 0.0030197929882, ""num_heads"": 2, ""num_model_layers"": 4, ""num_neighbors"": 128, ""subgraph_type"": ""directional""}",6f19af8d,r5,0.5653795255450769,,498.5243365590004,7.789253667000139,,,,0.4623870258972497,0.5878079115758432,0.0,0.5653795255450769,,,,,,,,,,
relgnn,rel-amazon,item-churn,BINARY_CLASSIFICATION,0,10,roc_auc,rtx-pro-6000,False,"{""aggr"": ""mean"", ""channels"": 256, ""lr"": 0.0037019789833, ""num_heads"": 16, ""num_model_layers"": 1, ""num_neighbors"": 256, ""subgraph_type"": ""bidirectional""}",012001ed,r6,0.7792860222881445,,561.7475879630001,11.961368908000168,,,,0.6714152429448743,0.6940834829392928,0.5519526549183166,0.7792860222881445,,,,,,,,,,
relgnn,rel-amazon,item-churn,BINARY_CLASSIFICATION,0,10,roc_auc,rtx-pro-6000,False,"{""aggr"": ""mean"", ""channels"": 64, ""lr"": 0.0010442146945, ""num_heads"": 2, ""num_model_layers"": 2, ""num_neighbors"": 256, ""subgraph_type"": ""bidirectional""}",d2fbdf27,r7,0.7932920652456534,,447.52272817500034,7.716589184999975,,,,0.6938758714881752,0.7211645065254462,0.6549673393779858,0.7932920652456534,,,,,,,,,,
relgnn,rel-amazon,item-churn,BINARY_CLASSIFICATION,0,10,roc_auc,rtx-pro-6000,False,"{""aggr"": ""mean"", ""channels"": 256, ""lr"": 0.0041460591823, ""num_heads"": 4, ""num_model_layers"": 2, ""num_neighbors"": 256, ""subgraph_type"": ""directional""}",f87e8891,r8,0.7662026677161874,,443.6080566989999,8.191697004000162,,,,0.6518227246306061,0.6754723139867972,0.5025491498520545,0.7662026677161874,,,,,,,,,,
relgnn,rel-amazon,item-churn,BINARY_CLASSIFICATION,0,10,roc_auc,rtx-pro-6000,False,"{""aggr"": ""mean"", ""channels"": 256, ""lr"": 0.004093508747, ""num_heads"": 8, ""num_model_layers"": 2, ""num_neighbors"": 64, ""subgraph_type"": ""bidirectional""}",79a48048,r9,0.7714193958531816,,504.8653535100002,8.512188366000373,,,,0.6656976050999507,0.6967679484942794,0.5634939280766706,0.7714193958531816,,,,,,,,,,
relgnn,rel-amazon,item-churn,BINARY_CLASSIFICATION,0,10,roc_auc,rtx-pro-6000,False,"{""aggr"": ""sum"", ""channels"": 64, ""lr"": 0.0041393676084, ""num_heads"": 8, ""num_model_layers"": 2, ""num_neighbors"": 256, ""subgraph_type"": ""directional""}",c642344c,r10,0.7838838576866632,,405.81386111400025,6.001166741999441,,,,0.6737024412836159,0.7021143683627011,0.5789871383915434,0.7838838576866632,,,,,,,,,,
relgnn,rel-amazon,item-ltv,REGRESSION,0,10,mae,rtx-pro-6000,False,"{""aggr"": ""sum"", ""channels"": 128, ""lr"": 0.005, ""num_heads"": 8, ""num_model_layers"": 2, ""num_neighbors"": 128, ""simplified_MP"": false, ""subgraph_type"": ""directional""}",afe1474f,default,50.068413104452475,55.911790075302065,491.64586387300005,6.3523448170000165,331.2434514659999,6.649976987999253,,,,,,,,,,0.0473655220216086,50.068413104452475,441.1814367034496,0.0183497805435359,55.911790075302065,658.486267787701
relgnn,rel-amazon,item-ltv,REGRESSION,0,10,mae,rtx-pro-6000,False,"{""aggr"": ""sum"", ""channels"": 128, ""lr"": 0.0011394964521, ""num_heads"": 4, ""num_model_layers"": 2, ""num_neighbors"": 64, ""subgraph_type"": ""bidirectional""}",70b52bd0,r1,50.227246925095024,,386.971979258,5.544537440999989,,,,,,,,,,,,0.0314338535123288,50.227246925095024,444.85525540100014,,,
relgnn,rel-amazon,item-ltv,REGRESSION,0,10,mae,rtx-pro-6000,False,"{""aggr"": ""mean"", ""channels"": 128, ""lr"": 0.0018735112039, ""num_heads"": 4, ""num_model_layers"": 1, ""num_neighbors"": 256, ""subgraph_type"": ""bidirectional""}",79b72acf,r2,49.904806007470114,,396.244729805,6.838806382999792,,,,,,,,,,,,0.051032174674606,49.904806007470114,440.3315731397456,,,
relgnn,rel-amazon,item-ltv,REGRESSION,0,10,mae,rtx-pro-6000,False,"{""aggr"": ""mean"", ""channels"": 256, ""lr"": 0.0030037592231, ""num_heads"": 4, ""num_model_layers"": 1, ""num_neighbors"": 64, ""subgraph_type"": ""directional""}",ce9904b8,r3,52.175672467788935,,322.1957239400001,4.673869591000084,,,,,,,,,,,,0.0380682093809298,52.175672467788935,443.3290822159465,,,
relgnn,rel-amazon,item-ltv,REGRESSION,0,10,mae,rtx-pro-6000,False,"{""aggr"": ""sum"", ""channels"": 64, ""lr"": 0.00648886485, ""num_heads"": 4, ""num_model_layers"": 2, ""num_neighbors"": 128, ""subgraph_type"": ""bidirectional""}",f0bb2bad,r4,50.37399503106935,,401.4626269510002,6.1208062249997965,,,,,,,,,,,,0.0434753408318058,50.37399503106935,442.0813239042406,,,
relgnn,rel-amazon,item-ltv,REGRESSION,0,10,mae,rtx-pro-6000,False,"{""aggr"": ""mean"", ""channels"": 256, ""lr"": 0.0030197929882, ""num_heads"": 2, ""num_model_layers"": 4, ""num_neighbors"": 128, ""subgraph_type"": ""directional""}",6f19af8d,r5,50.827738415324305,,500.6419727709999,7.715301597999769,,,,,,,,,,,,0.0367456340818429,50.827738415324305,443.6337476282717,,,
relgnn,rel-amazon,item-ltv,REGRESSION,0,10,mae,rtx-pro-6000,False,"{""aggr"": ""mean"", ""channels"": 256, ""lr"": 0.0037019789833, ""num_heads"": 16, ""num_model_layers"": 1, ""num_neighbors"": 256, ""subgraph_type"": ""bidirectional""}",012001ed,r6,48.66032588326714,,522.9196012550001,10.690115100000185,,,,,,,,,,,,0.0518445688659106,48.66032588326714,440.1430528361517,,,
relgnn,rel-amazon,item-ltv,REGRESSION,0,10,mae,rtx-pro-6000,True,"{""aggr"": ""mean"", ""channels"": 64, ""lr"": 0.0010442146945, ""num_heads"": 2, ""num_model_layers"": 2, ""num_neighbors"": 256, ""subgraph_type"": ""bidirectional""}",d2fbdf27,r7,47.14627969614772,52.610127058192106,426.96863679000035,6.71609463499999,479.4011051130001,7.239913058999264,,,,,,,,,,0.0614583884395071,47.14627969614772,437.905952940626,0.0270829973794448,52.610127058192106,655.550623965238
relgnn,rel-amazon,item-ltv,REGRESSION,0,10,mae,rtx-pro-6000,False,"{""aggr"": ""mean"", ""channels"": 256, ""lr"": 0.0041460591823, ""num_heads"": 4, ""num_model_layers"": 2, ""num_neighbors"": 256, ""subgraph_type"": ""directional""}",f87e8891,r8,49.54790622312025,,428.7417432510001,7.956094520999613,,,,,,,,,,,,0.0417387474152755,49.54790622312025,442.4824465380305,,,
relgnn,rel-amazon,item-ltv,REGRESSION,0,10,mae,rtx-pro-6000,False,"{""aggr"": ""mean"", ""channels"": 256, ""lr"": 0.004093508747, ""num_heads"": 8, ""num_model_layers"": 2, ""num_neighbors"": 64, ""subgraph_type"": ""bidirectional""}",79a48048,r9,50.725649207870944,,463.0978905019997,7.307246432999818,,,,,,,,,,,,0.0456455403603481,50.725649207870944,441.57953366120825,,,
relgnn,rel-amazon,item-ltv,REGRESSION,0,10,mae,rtx-pro-6000,False,"{""aggr"": ""sum"", ""channels"": 64, ""lr"": 0.0041393676084, ""num_heads"": 8, ""num_model_layers"": 2, ""num_neighbors"": 256, ""subgraph_type"": ""directional""}",c642344c,r10,48.37214147488167,,393.012736617,5.9930451299997,,,,,,,,,,,,0.0533431273484776,48.37214147488167,439.7950925196023,,,
relgnn,rel-amazon,user-churn,BINARY_CLASSIFICATION,0,10,roc_auc,rtx-pro-6000,False,"{""aggr"": ""sum"", ""channels"": 128, ""lr"": 0.005, ""num_heads"": 8, ""num_model_layers"": 2, ""num_neighbors"": 128, ""simplified_MP"": false, ""subgraph_type"": ""directional""}",afe1474f,default,0.6562737578714346,0.6419537792977894,513.3287300640001,9.212521804000062,310.78705428600006,8.467554916000154,,0.741945360417598,0.6762552709667343,0.7723617969739294,0.6562737578714346,0.7014444999723268,0.6534833823550308,0.7501618679976724,0.6419537792977894,,,,,,
relgnn,rel-amazon,user-churn,BINARY_CLASSIFICATION,0,10,roc_auc,rtx-pro-6000,False,"{""aggr"": ""sum"", ""channels"": 128, ""lr"": 0.0011394964521, ""num_heads"": 4, ""num_model_layers"": 2, ""num_neighbors"": 64, ""subgraph_type"": ""bidirectional""}",70b52bd0,r1,0.6848547446810649,,399.73451561,8.919209392999846,,,,0.7639527473976105,0.6955260229579885,0.787143044800767,0.6848547446810649,,,,,,,,,,
relgnn,rel-amazon,user-churn,BINARY_CLASSIFICATION,0,10,roc_auc,rtx-pro-6000,False,"{""aggr"": ""mean"", ""channels"": 128, ""lr"": 0.0018735112039, ""num_heads"": 4, ""num_model_layers"": 1, ""num_neighbors"": 256, ""subgraph_type"": ""bidirectional""}",79b72acf,r2,0.6580730821753467,,382.800875574,9.084539448999976,,,,0.7438655009917745,0.6703303139153521,0.7612284286209163,0.6580730821753467,,,,,,,,,,
relgnn,rel-amazon,user-churn,BINARY_CLASSIFICATION,0,10,roc_auc,rtx-pro-6000,False,"{""aggr"": ""mean"", ""channels"": 256, ""lr"": 0.0030037592231, ""num_heads"": 4, ""num_model_layers"": 1, ""num_neighbors"": 64, ""subgraph_type"": ""directional""}",ce9904b8,r3,0.6543329920744447,,358.526598124,8.219636296999852,,,,0.7462529344095543,0.6670506012806497,0.7630674122182475,0.6543329920744447,,,,,,,,,,
relgnn,rel-amazon,user-churn,BINARY_CLASSIFICATION,0,10,roc_auc,rtx-pro-6000,False,"{""aggr"": ""sum"", ""channels"": 64, ""lr"": 0.00648886485, ""num_heads"": 4, ""num_model_layers"": 2, ""num_neighbors"": 128, ""subgraph_type"": ""bidirectional""}",f0bb2bad,r4,0.6603248968056892,,427.2806495670002,9.51399616799972,,,,0.7479003576208274,0.6810406254880524,0.7792577580747309,0.6603248968056892,,,,,,,,,,
relgnn,rel-amazon,user-churn,BINARY_CLASSIFICATION,0,10,roc_auc,rtx-pro-6000,False,"{""aggr"": ""mean"", ""channels"": 256, ""lr"": 0.0030197929882, ""num_heads"": 2, ""num_model_layers"": 4, ""num_neighbors"": 128, ""subgraph_type"": ""directional""}",6f19af8d,r5,0.6767041438710254,,505.10399942999993,10.517416287000287,,,,0.758169496043255,0.6858918670935499,0.777252283822112,0.6767041438710254,,,,,,,,,,
relgnn,rel-amazon,user-churn,BINARY_CLASSIFICATION,0,10,roc_auc,rtx-pro-6000,False,"{""aggr"": ""mean"", ""channels"": 256, ""lr"": 0.0037019789833, ""num_heads"": 16, ""num_model_layers"": 1, ""num_neighbors"": 256, ""subgraph_type"": ""bidirectional""}",012001ed,r6,0.6740540143521394,,428.9327386660002,12.120116751000296,,,,0.755592571928843,0.6900671560206153,0.7859908672721452,0.6740540143521394,,,,,,,,,,
relgnn,rel-amazon,user-churn,BINARY_CLASSIFICATION,0,10,roc_auc,rtx-pro-6000,True,"{""aggr"": ""mean"", ""channels"": 64, ""lr"": 0.0010442146945, ""num_heads"": 2, ""num_model_layers"": 2, ""num_neighbors"": 256, ""subgraph_type"": ""bidirectional""}",d2fbdf27,r7,0.6923393239228648,0.6971246948544362,425.4111974399998,10.023367866999706,432.9725888599996,9.947100526999748,,0.7730959573521634,0.6906088942683117,0.7761451756430358,0.6923393239228648,0.7494178551171728,0.6802250735325461,0.7808753768139649,0.6971246948544362,,,,,,
relgnn,rel-amazon,user-churn,BINARY_CLASSIFICATION,0,10,roc_auc,rtx-pro-6000,False,"{""aggr"": ""mean"", ""channels"": 256, ""lr"": 0.0041460591823, ""num_heads"": 4, ""num_model_layers"": 2, ""num_neighbors"": 256, ""subgraph_type"": ""directional""}",f87e8891,r8,0.6559361317946419,,423.0450590339997,9.99229117599998,,,,0.7438583957489434,0.681609206621896,0.784751780069817,0.6559361317946419,,,,,,,,,,
relgnn,rel-amazon,user-churn,BINARY_CLASSIFICATION,0,10,roc_auc,rtx-pro-6000,False,"{""aggr"": ""mean"", ""channels"": 256, ""lr"": 0.004093508747, ""num_heads"": 8, ""num_model_layers"": 2, ""num_neighbors"": 64, ""subgraph_type"": ""bidirectional""}",79a48048,r9,0.6607107080337787,,430.53013881100014,10.61058806999972,,,,0.7506980933635359,0.6813090543495237,0.7828684960887167,0.6607107080337787,,,,,,,,,,
relgnn,rel-amazon,user-churn,BINARY_CLASSIFICATION,0,10,roc_auc,rtx-pro-6000,False,"{""aggr"": ""sum"", ""channels"": 64, ""lr"": 0.0041393676084, ""num_heads"": 8, ""num_model_layers"": 2, ""num_neighbors"": 256, ""subgraph_type"": ""directional""}",c642344c,r10,0.6669359994421222,,413.0335563990002,8.942698586000006,,,,0.7488061629183479,0.6851378260190536,0.7780598729883516,0.6669359994421222,,,,,,,,,,
relgnn,rel-amazon,user-ltv,REGRESSION,0,10,mae,rtx-pro-6000,False,"{""aggr"": ""sum"", ""channels"": 128, ""lr"": 0.005, ""num_heads"": 8, ""num_model_layers"": 2, ""num_neighbors"": 128, ""simplified_MP"": false, ""subgraph_type"": ""directional""}",afe1474f,default,14.140715240902702,16.783245488773662,503.199063981,9.118155444999957,314.52897094999935,8.470908025999961,,,,,,,,,,-0.0835422154812151,14.140715240902702,50.92620345868564,-0.091620771166071,16.783245488773662,57.92628055119896
relgnn,rel-amazon,user-ltv,REGRESSION,0,10,mae,rtx-pro-6000,False,"{""aggr"": ""sum"", ""channels"": 128, ""lr"": 0.0011394964521, ""num_heads"": 4, ""num_model_layers"": 2, ""num_neighbors"": 64, ""subgraph_type"": ""bidirectional""}",70b52bd0,r1,12.966435271054728,,404.67397806100007,8.895149556999968,,,,,,,,,,,,0.0938999164700779,12.966435271054728,46.570024651772535,,,
relgnn,rel-amazon,user-ltv,REGRESSION,0,10,mae,rtx-pro-6000,False,"{""aggr"": ""mean"", ""channels"": 128, ""lr"": 0.0018735112039, ""num_heads"": 4, ""num_model_layers"": 1, ""num_neighbors"": 256, ""subgraph_type"": ""bidirectional""}",79b72acf,r2,13.594157251930396,,380.61875217400006,9.025950462000084,,,,,,,,,,,,0.0521617132874011,13.594157251930396,47.63054012044108,,,
relgnn,rel-amazon,user-ltv,REGRESSION,0,10,mae,rtx-pro-6000,False,"{""aggr"": ""mean"", ""channels"": 256, ""lr"": 0.0030037592231, ""num_heads"": 4, ""num_model_layers"": 1, ""num_neighbors"": 64, ""subgraph_type"": ""directional""}",ce9904b8,r3,13.156039548161065,,349.866512391,8.156090723000034,,,,,,,,,,,,0.0720277065032919,13.156039548161065,47.12874634913127,,,
relgnn,rel-amazon,user-ltv,REGRESSION,0,10,mae,rtx-pro-6000,False,"{""aggr"": ""sum"", ""channels"": 64, ""lr"": 0.00648886485, ""num_heads"": 4, ""num_model_layers"": 2, ""num_neighbors"": 128, ""subgraph_type"": ""bidirectional""}",f0bb2bad,r4,14.140715240902702,,416.8489198890002,9.518511333999868,,,,,,,,,,,,-0.0835422154812151,14.140715240902702,50.92620345868564,,,
relgnn,rel-amazon,user-ltv,REGRESSION,0,10,mae,rtx-pro-6000,False,"{""aggr"": ""mean"", ""channels"": 256, ""lr"": 0.0030197929882, ""num_heads"": 2, ""num_model_layers"": 4, ""num_neighbors"": 128, ""subgraph_type"": ""directional""}",6f19af8d,r5,14.140715240902702,,503.7175780460002,10.515886924999904,,,,,,,,,,,,-0.0835422154812151,14.140715240902702,50.92620345868564,,,
relgnn,rel-amazon,user-ltv,REGRESSION,0,10,mae,rtx-pro-6000,False,"{""aggr"": ""mean"", ""channels"": 256, ""lr"": 0.0037019789833, ""num_heads"": 16, ""num_model_layers"": 1, ""num_neighbors"": 256, ""subgraph_type"": ""bidirectional""}",012001ed,r6,12.944968693682394,,409.741852738,12.861309957999763,,,,,,,,,,,,0.131366710637929,12.944968693682394,45.59703648173105,,,
relgnn,rel-amazon,user-ltv,REGRESSION,0,10,mae,rtx-pro-6000,True,"{""aggr"": ""mean"", ""channels"": 64, ""lr"": 0.0010442146945, ""num_heads"": 2, ""num_model_layers"": 2, ""num_neighbors"": 256, ""subgraph_type"": ""bidirectional""}",d2fbdf27,r7,12.332429449486982,15.029192897890615,440.960059133,9.93134394100025,426.6082005819999,9.137328065000474,,,,,,,,,,0.1818238690354012,12.332429449486982,44.25290499316244,0.1144127833652951,15.029192897890615,52.174154200313446
relgnn,rel-amazon,user-ltv,REGRESSION,0,10,mae,rtx-pro-6000,False,"{""aggr"": ""mean"", ""channels"": 256, ""lr"": 0.0041460591823, ""num_heads"": 4, ""num_model_layers"": 2, ""num_neighbors"": 256, ""subgraph_type"": ""directional""}",f87e8891,r8,14.140715240902702,,411.57856813299986,9.76957159099993,,,,,,,,,,,,-0.0835422154812151,14.140715240902702,50.92620345868564,,,
relgnn,rel-amazon,user-ltv,REGRESSION,0,10,mae,rtx-pro-6000,False,"{""aggr"": ""mean"", ""channels"": 256, ""lr"": 0.004093508747, ""num_heads"": 8, ""num_model_layers"": 2, ""num_neighbors"": 64, ""subgraph_type"": ""bidirectional""}",79a48048,r9,14.140715240902702,,417.0063449890003,11.797513188000266,,,,,,,,,,,,-0.0835422154812151,14.140715240902702,50.92620345868564,,,
relgnn,rel-amazon,user-ltv,REGRESSION,0,10,mae,rtx-pro-6000,False,"{""aggr"": ""sum"", ""channels"": 64, ""lr"": 0.0041393676084, ""num_heads"": 8, ""num_model_layers"": 2, ""num_neighbors"": 256, ""subgraph_type"": ""directional""}",c642344c,r10,14.140715240902702,,401.3255294270002,9.11936595499992,,,,,,,,,,,,-0.0835422154812151,14.140715240902702,50.92620345868564,,,
relgnn,rel-avito,ad-ctr,REGRESSION,0,10,mae,rtx-pro-6000,False,"{""aggr"": ""sum"", ""channels"": 128, ""lr"": 0.005, ""num_heads"": 8, ""num_model_layers"": 2, ""num_neighbors"": 128, ""simplified_MP"": false, ""subgraph_type"": ""directional""}",afe1474f,default,0.0406942154767975,0.0436843203133901,67.19305920099998,1.0028957090000006,15.552031290999992,0.9994396260000258,,,,,,,,,,-0.1301687972952807,0.0406942154767975,0.1054601236431047,-0.1240000126480638,0.0436843203133901,0.116358907618288
relgnn,rel-avito,ad-ctr,REGRESSION,0,10,mae,rtx-pro-6000,False,"{""aggr"": ""sum"", ""channels"": 128, ""lr"": 0.0011394964521, ""num_heads"": 4, ""num_model_layers"": 2, ""num_neighbors"": 64, ""subgraph_type"": ""bidirectional""}",70b52bd0,r1,0.0411403338655117,,8.620933140000005,0.8812211689999856,,,,,,,,,,,,-0.1414016067789878,0.0411403338655117,0.1059829148105808,,,
relgnn,rel-avito,ad-ctr,REGRESSION,0,10,mae,rtx-pro-6000,False,"{""aggr"": ""mean"", ""channels"": 128, ""lr"": 0.0018735112039, ""num_heads"": 4, ""num_model_layers"": 1, ""num_neighbors"": 256, ""subgraph_type"": ""bidirectional""}",79b72acf,r2,0.0398447950298872,,14.033183936,1.048450484,,,,,,,,,,,,-0.100374740701902,0.0398447950298872,0.1040607438631304,,,
relgnn,rel-avito,ad-ctr,REGRESSION,0,10,mae,rtx-pro-6000,False,"{""aggr"": ""mean"", ""channels"": 256, ""lr"": 0.0030037592231, ""num_heads"": 4, ""num_model_layers"": 1, ""num_neighbors"": 64, ""subgraph_type"": ""directional""}",ce9904b8,r3,0.0398841593701417,,7.594488563999988,0.8448910730000136,,,,,,,,,,,,-0.0973036145370889,0.0398841593701417,0.1039154265629529,,,
relgnn,rel-avito,ad-ctr,REGRESSION,0,10,mae,rtx-pro-6000,False,"{""aggr"": ""sum"", ""channels"": 64, ""lr"": 0.00648886485, ""num_heads"": 4, ""num_model_layers"": 2, ""num_neighbors"": 128, ""subgraph_type"": ""bidirectional""}",f0bb2bad,r4,0.0398724585564258,,10.537191895999996,0.8866340590000164,,,,,,,,,,,,-0.0920403296050591,0.0398724585564258,0.1036659085977547,,,
relgnn,rel-avito,ad-ctr,REGRESSION,0,10,mae,rtx-pro-6000,False,"{""aggr"": ""mean"", ""channels"": 256, ""lr"": 0.0030197929882, ""num_heads"": 2, ""num_model_layers"": 4, ""num_neighbors"": 128, ""subgraph_type"": ""directional""}",6f19af8d,r5,0.0405679475145808,,26.85157071499998,0.8452707760000067,,,,,,,,,,,,-0.1343023374880927,0.0405679475145808,0.1056528053891636,,,
relgnn,rel-avito,ad-ctr,REGRESSION,0,10,mae,rtx-pro-6000,False,"{""aggr"": ""mean"", ""channels"": 256, ""lr"": 0.0037019789833, ""num_heads"": 16, ""num_model_layers"": 1, ""num_neighbors"": 256, ""subgraph_type"": ""bidirectional""}",012001ed,r6,0.0398924947386028,,39.88416416599998,1.668847052999979,,,,,,,,,,,,-0.1009705672430116,0.0398924947386028,0.1040889132493812,,,
relgnn,rel-avito,ad-ctr,REGRESSION,0,10,mae,rtx-pro-6000,True,"{""aggr"": ""mean"", ""channels"": 64, ""lr"": 0.0010442146945, ""num_heads"": 2, ""num_model_layers"": 2, ""num_neighbors"": 256, ""subgraph_type"": ""bidirectional""}",d2fbdf27,r7,0.0396588297756108,0.0423951219719653,13.643514959000017,1.0046142900000063,59.29950503099997,0.9588954440000066,,,,,,,,,,-0.0668104196505858,0.0396588297756108,0.1024613902271317,-0.0193561800459727,0.0423951219719653,0.1108101282417333
relgnn,rel-avito,ad-ctr,REGRESSION,0,10,mae,rtx-pro-6000,False,"{""aggr"": ""mean"", ""channels"": 256, ""lr"": 0.0041460591823, ""num_heads"": 4, ""num_model_layers"": 2, ""num_neighbors"": 256, ""subgraph_type"": ""directional""}",f87e8891,r8,0.0547581159523782,,35.01059347099999,1.0769184270000096,,,,,,,,,,,,0.0023114964916349,0.0547581159523782,0.0990864122670643,,,
relgnn,rel-avito,ad-ctr,REGRESSION,0,10,mae,rtx-pro-6000,False,"{""aggr"": ""mean"", ""channels"": 256, ""lr"": 0.004093508747, ""num_heads"": 8, ""num_model_layers"": 2, ""num_neighbors"": 64, ""subgraph_type"": ""bidirectional""}",79a48048,r9,0.0398632307769913,,18.809761149999986,0.7462207469999953,,,,,,,,,,,,-0.0792915646433909,0.0398632307769913,0.1030590206650993,,,
relgnn,rel-avito,ad-ctr,REGRESSION,0,10,mae,rtx-pro-6000,False,"{""aggr"": ""sum"", ""channels"": 64, ""lr"": 0.0041393676084, ""num_heads"": 8, ""num_model_layers"": 2, ""num_neighbors"": 256, ""subgraph_type"": ""directional""}",c642344c,r10,0.0398148709507488,,16.434936144000005,1.0805691300000149,,,,,,,,,,,,-0.0897978778046351,0.0398148709507488,0.1035594174457941,,,
relgnn,rel-avito,user-clicks,BINARY_CLASSIFICATION,0,10,roc_auc,rtx-pro-6000,False,"{""aggr"": ""sum"", ""channels"": 128, ""lr"": 0.005, ""num_heads"": 8, ""num_model_layers"": 2, ""num_neighbors"": 128, ""simplified_MP"": false, ""subgraph_type"": ""directional""}",afe1474f,default,0.6174989541129794,0.6766968959182647,124.405327572,2.7613386049999917,94.21144925699991,4.109260400000039,,0.0523301962941675,0.9648302884388424,0.0,0.6174989541129794,0.0353563681286026,0.984582048504042,0.0,0.6766968959182647,,,,,,
relgnn,rel-avito,user-clicks,BINARY_CLASSIFICATION,0,10,roc_auc,rtx-pro-6000,False,"{""aggr"": ""sum"", ""channels"": 128, ""lr"": 0.0011394964521, ""num_heads"": 4, ""num_model_layers"": 2, ""num_neighbors"": 64, ""subgraph_type"": ""bidirectional""}",70b52bd0,r1,0.6298814683268632,,74.088442749,2.1237667309999892,,,,0.0586060531245155,0.9648302884388424,0.0,0.6298814683268632,,,,,,,,,,
relgnn,rel-avito,user-clicks,BINARY_CLASSIFICATION,0,10,roc_auc,rtx-pro-6000,True,"{""aggr"": ""mean"", ""channels"": 128, ""lr"": 0.0018735112039, ""num_heads"": 4, ""num_model_layers"": 1, ""num_neighbors"": 256, ""subgraph_type"": ""bidirectional""}",79b72acf,r2,0.6491445399443463,0.6621557422709659,65.256560208,2.353719356999989,113.9466617600001,3.735412653000139,,0.0628427422878914,0.9648302884388424,0.0,0.6491445399443463,0.0339155542336884,0.984582048504042,0.0,0.6621557422709659,,,,,,
relgnn,rel-avito,user-clicks,BINARY_CLASSIFICATION,0,10,roc_auc,rtx-pro-6000,False,"{""aggr"": ""mean"", ""channels"": 256, ""lr"": 0.0030037592231, ""num_heads"": 4, ""num_model_layers"": 1, ""num_neighbors"": 64, ""subgraph_type"": ""directional""}",ce9904b8,r3,0.6332142850106165,,52.437230494999994,1.942761441000016,,,,0.0619868976482409,0.9648302884388424,0.0,0.6332142850106165,,,,,,,,,,
relgnn,rel-avito,user-clicks,BINARY_CLASSIFICATION,0,10,roc_auc,rtx-pro-6000,False,"{""aggr"": ""sum"", ""channels"": 64, ""lr"": 0.00648886485, ""num_heads"": 4, ""num_model_layers"": 2, ""num_neighbors"": 128, ""subgraph_type"": ""bidirectional""}",f0bb2bad,r4,0.6259654834296688,,74.10555889199998,2.06956231099997,,,,0.0536062549618914,0.9648302884388424,0.0,0.6259654834296688,,,,,,,,,,
relgnn,rel-avito,user-clicks,BINARY_CLASSIFICATION,0,10,roc_auc,rtx-pro-6000,False,"{""aggr"": ""mean"", ""channels"": 256, ""lr"": 0.0030197929882, ""num_heads"": 2, ""num_model_layers"": 4, ""num_neighbors"": 128, ""subgraph_type"": ""directional""}",6f19af8d,r5,0.5698701458199655,,137.45693884099995,3.4795150170000397,,,,0.0461045542133694,0.9648302884388424,0.0,0.5698701458199655,,,,,,,,,,
relgnn,rel-avito,user-clicks,BINARY_CLASSIFICATION,0,10,roc_auc,rtx-pro-6000,False,"{""aggr"": ""mean"", ""channels"": 256, ""lr"": 0.0037019789833, ""num_heads"": 16, ""num_model_layers"": 1, ""num_neighbors"": 256, ""subgraph_type"": ""bidirectional""}",012001ed,r6,0.6390137860059332,,147.130143515,5.732503382000004,,,,0.058703289379367,0.9648302884388424,0.0,0.6390137860059332,,,,,,,,,,
relgnn,rel-avito,user-clicks,BINARY_CLASSIFICATION,0,10,roc_auc,rtx-pro-6000,False,"{""aggr"": ""mean"", ""channels"": 64, ""lr"": 0.0010442146945, ""num_heads"": 2, ""num_model_layers"": 2, ""num_neighbors"": 256, ""subgraph_type"": ""bidirectional""}",d2fbdf27,r7,0.6433489794966738,,82.32050128900005,2.2313375869999845,,,,0.0632428123184881,0.9648302884388424,0.0,0.6433489794966738,,,,,,,,,,
relgnn,rel-avito,user-clicks,BINARY_CLASSIFICATION,0,10,roc_auc,rtx-pro-6000,False,"{""aggr"": ""mean"", ""channels"": 256, ""lr"": 0.0041460591823, ""num_heads"": 4, ""num_model_layers"": 2, ""num_neighbors"": 256, ""subgraph_type"": ""directional""}",f87e8891,r8,0.6164792060584606,,118.30130772500002,3.6806654050000134,,,,0.0590246974912235,0.9648302884388424,0.0,0.6164792060584606,,,,,,,,,,
relgnn,rel-avito,user-clicks,BINARY_CLASSIFICATION,0,10,roc_auc,rtx-pro-6000,False,"{""aggr"": ""mean"", ""channels"": 256, ""lr"": 0.004093508747, ""num_heads"": 8, ""num_model_layers"": 2, ""num_neighbors"": 64, ""subgraph_type"": ""bidirectional""}",79a48048,r9,0.618680691513571,,134.38588440499984,3.849766801999977,,,,0.0569680109285833,0.9648302884388424,0.0,0.618680691513571,,,,,,,,,,
relgnn,rel-avito,user-clicks,BINARY_CLASSIFICATION,0,10,roc_auc,rtx-pro-6000,False,"{""aggr"": ""sum"", ""channels"": 64, ""lr"": 0.0041393676084, ""num_heads"": 8, ""num_model_layers"": 2, ""num_neighbors"": 256, ""subgraph_type"": ""directional""}",c642344c,r10,0.6222252469574047,,74.55453428999999,2.265635859999975,,,,0.0606231012809807,0.9648302884388424,0.0,0.6222252469574047,,,,,,,,,,
relgnn,rel-avito,user-visits,BINARY_CLASSIFICATION,0,10,roc_auc,rtx-pro-6000,False,"{""aggr"": ""sum"", ""channels"": 128, ""lr"": 0.005, ""num_heads"": 8, ""num_model_layers"": 2, ""num_neighbors"": 128, ""simplified_MP"": false, ""subgraph_type"": ""directional""}",afe1474f,default,0.6772386332593661,0.640029349564277,166.77448432299997,3.2582857200000035,119.17879799999992,3.7880743679997977,,0.9491389878342762,0.9034991160479002,0.949303425917813,0.6772386332593661,0.9105683324120508,0.8505909380276232,0.9192641340113672,0.640029349564277,,,,,,
relgnn,rel-avito,user-visits,BINARY_CLASSIFICATION,0,10,roc_auc,rtx-pro-6000,False,"{""aggr"": ""sum"", ""channels"": 128, ""lr"": 0.0011394964521, ""num_heads"": 4, ""num_model_layers"": 2, ""num_neighbors"": 64, ""subgraph_type"": ""bidirectional""}",70b52bd0,r1,0.6787911449184696,,97.515105629,3.0860478089999788,,,,0.9508929361549796,0.9034991160479002,0.949303425917813,0.6787911449184696,,,,,,,,,,
relgnn,rel-avito,user-visits,BINARY_CLASSIFICATION,0,10,roc_auc,rtx-pro-6000,False,"{""aggr"": ""mean"", ""channels"": 128, ""lr"": 0.0018735112039, ""num_heads"": 4, ""num_model_layers"": 1, ""num_neighbors"": 256, ""subgraph_type"": ""bidirectional""}",79b72acf,r2,0.6765044430053279,,84.58948222600003,2.9553589579999766,,,,0.9491901310400588,0.9034991160479002,0.949303425917813,0.6765044430053279,,,,,,,,,,
relgnn,rel-avito,user-visits,BINARY_CLASSIFICATION,0,10,roc_auc,rtx-pro-6000,False,"{""aggr"": ""mean"", ""channels"": 256, ""lr"": 0.0030037592231, ""num_heads"": 4, ""num_model_layers"": 1, ""num_neighbors"": 64, ""subgraph_type"": ""directional""}",ce9904b8,r3,0.6666895568056467,,67.93340673299997,2.4850218070000665,,,,0.9471519082485254,0.9034991160479002,0.949303425917813,0.6666895568056467,,,,,,,,,,
relgnn,rel-avito,user-visits,BINARY_CLASSIFICATION,0,10,roc_auc,rtx-pro-6000,False,"{""aggr"": ""sum"", ""channels"": 64, ""lr"": 0.00648886485, ""num_heads"": 4, ""num_model_layers"": 2, ""num_neighbors"": 128, ""subgraph_type"": ""bidirectional""}",f0bb2bad,r4,0.6777908934885207,,103.721622614,2.829543994000005,,,,0.9498398510282868,0.9034991160479002,0.949303425917813,0.6777908934885207,,,,,,,,,,
relgnn,rel-avito,user-visits,BINARY_CLASSIFICATION,0,10,roc_auc,rtx-pro-6000,False,"{""aggr"": ""mean"", ""channels"": 256, ""lr"": 0.0030197929882, ""num_heads"": 2, ""num_model_layers"": 4, ""num_neighbors"": 128, ""subgraph_type"": ""directional""}",6f19af8d,r5,0.6681275390730333,,174.378262274,4.47027433400001,,,,0.9453097714565112,0.9034991160479002,0.949303425917813,0.6681275390730333,,,,,,,,,,
relgnn,rel-avito,user-visits,BINARY_CLASSIFICATION,0,10,roc_auc,rtx-pro-6000,False,"{""aggr"": ""mean"", ""channels"": 256, ""lr"": 0.0037019789833, ""num_heads"": 16, ""num_model_layers"": 1, ""num_neighbors"": 256, ""subgraph_type"": ""bidirectional""}",012001ed,r6,0.6685985459023261,,181.03343569599997,7.382507038999961,,,,0.9471180752459148,0.9034991160479002,0.949303425917813,0.6685985459023261,,,,,,,,,,
relgnn,rel-avito,user-visits,BINARY_CLASSIFICATION,0,10,roc_auc,rtx-pro-6000,False,"{""aggr"": ""mean"", ""channels"": 64, ""lr"": 0.0010442146945, ""num_heads"": 2, ""num_model_layers"": 2, ""num_neighbors"": 256, ""subgraph_type"": ""bidirectional""}",d2fbdf27,r7,0.6784018445274707,,111.87223293699992,2.8299200799999653,,,,0.9500246393998972,0.9034991160479002,0.949303425917813,0.6784018445274707,,,,,,,,,,
relgnn,rel-avito,user-visits,BINARY_CLASSIFICATION,0,10,roc_auc,rtx-pro-6000,False,"{""aggr"": ""mean"", ""channels"": 256, ""lr"": 0.0041460591823, ""num_heads"": 4, ""num_model_layers"": 2, ""num_neighbors"": 256, ""subgraph_type"": ""directional""}",f87e8891,r8,0.6759747772703548,,147.14631580800005,4.409860170999991,,,,0.9491024633659226,0.9034991160479002,0.949303425917813,0.6759747772703548,,,,,,,,,,
relgnn,rel-avito,user-visits,BINARY_CLASSIFICATION,0,10,roc_auc,rtx-pro-6000,True,"{""aggr"": ""mean"", ""channels"": 256, ""lr"": 0.004093508747, ""num_heads"": 8, ""num_model_layers"": 2, ""num_neighbors"": 64, ""subgraph_type"": ""bidirectional""}",79a48048,r9,0.6828467066747671,0.6519554508592524,168.61217301800002,4.659931951999852,240.0030547460001,5.2278943300000265,,0.9516667369030888,0.9034991160479002,0.949303425917813,0.6828467066747671,0.9143909322655184,0.8505909380276232,0.9192641340113672,0.6519554508592524,,,,,,
relgnn,rel-avito,user-visits,BINARY_CLASSIFICATION,0,10,roc_auc,rtx-pro-6000,False,"{""aggr"": ""sum"", ""channels"": 64, ""lr"": 0.0041393676084, ""num_heads"": 8, ""num_model_layers"": 2, ""num_neighbors"": 256, ""subgraph_type"": ""directional""}",c642344c,r10,0.6824219033846923,,102.6360269700001,3.182856430999891,,,,0.9506208310622406,0.9034991160479002,0.949303425917813,0.6824219033846923,,,,,,,,,,
relgnn,rel-event,user-attendance,REGRESSION,0,10,mae,rtx-pro-6000,False,"{""aggr"": ""sum"", ""channels"": 128, ""lr"": 0.005, ""num_heads"": 8, ""num_model_layers"": 2, ""num_neighbors"": 128, ""simplified_MP"": false, ""subgraph_type"": ""directional""}",afe1474f,default,0.2575195395197265,0.2641480635486322,85.744822603,1.2246151890000192,26.618515638999952,1.2761432249999416,,,,,,,,,,-0.2421664805683496,0.2575195395197265,0.5832015350229675,-0.164088429325399,0.2641480635486322,0.693101302585201
relgnn,rel-event,user-attendance,REGRESSION,0,10,mae,rtx-pro-6000,False,"{""aggr"": ""sum"", ""channels"": 128, ""lr"": 0.0011394964521, ""num_heads"": 4, ""num_model_layers"": 2, ""num_neighbors"": 64, ""subgraph_type"": ""bidirectional""}",70b52bd0,r1,0.2491349215063132,,17.940667964,1.1870111329999986,,,,,,,,,,,,-0.0141297633589114,0.2491349215063132,0.5269574149349997,,,
relgnn,rel-event,user-attendance,REGRESSION,0,10,mae,rtx-pro-6000,False,"{""aggr"": ""mean"", ""channels"": 128, ""lr"": 0.0018735112039, ""num_heads"": 4, ""num_model_layers"": 1, ""num_neighbors"": 256, ""subgraph_type"": ""bidirectional""}",79b72acf,r2,0.2575216726160122,,22.432861498999983,1.2284257379999983,,,,,,,,,,,,-0.2421977241343942,0.2575216726160122,0.5832088694589651,,,
relgnn,rel-event,user-attendance,REGRESSION,0,10,mae,rtx-pro-6000,False,"{""aggr"": ""mean"", ""channels"": 256, ""lr"": 0.0030037592231, ""num_heads"": 4, ""num_model_layers"": 1, ""num_neighbors"": 64, ""subgraph_type"": ""directional""}",ce9904b8,r3,0.2544301343376025,,17.091059756999982,1.14460803099999,,,,,,,,,,,,-0.164909695501437,0.2544301343376025,0.5647742473256352,,,
relgnn,rel-event,user-attendance,REGRESSION,0,10,mae,rtx-pro-6000,False,"{""aggr"": ""sum"", ""channels"": 64, ""lr"": 0.00648886485, ""num_heads"": 4, ""num_model_layers"": 2, ""num_neighbors"": 128, ""subgraph_type"": ""bidirectional""}",f0bb2bad,r4,0.2575216726160122,,19.052268008,1.184262643000011,,,,,,,,,,,,-0.2421977241343942,0.2575216726160122,0.5832088694589651,,,
relgnn,rel-event,user-attendance,REGRESSION,0,10,mae,rtx-pro-6000,False,"{""aggr"": ""mean"", ""channels"": 256, ""lr"": 0.0030197929882, ""num_heads"": 2, ""num_model_layers"": 4, ""num_neighbors"": 128, ""subgraph_type"": ""directional""}",6f19af8d,r5,0.2575216726160122,,40.74606264100001,1.2653765169999929,,,,,,,,,,,,-0.2421977241343942,0.2575216726160122,0.5832088694589651,,,
relgnn,rel-event,user-attendance,REGRESSION,0,10,mae,rtx-pro-6000,False,"{""aggr"": ""mean"", ""channels"": 256, ""lr"": 0.0037019789833, ""num_heads"": 16, ""num_model_layers"": 1, ""num_neighbors"": 256, ""subgraph_type"": ""bidirectional""}",012001ed,r6,0.2520131960877848,,66.61909290299997,1.4273493250000229,,,,,,,,,,,,-0.1400413928514752,0.2520131960877848,0.5587133718072961,,,
relgnn,rel-event,user-attendance,REGRESSION,0,10,mae,rtx-pro-6000,True,"{""aggr"": ""mean"", ""channels"": 64, ""lr"": 0.0010442146945, ""num_heads"": 2, ""num_model_layers"": 2, ""num_neighbors"": 256, ""subgraph_type"": ""bidirectional""}",d2fbdf27,r7,0.2408513141067462,0.24638108235039,22.983810003999963,1.2105936780000093,53.92099711999998,1.2962479739999253,,,,,,,,,,-0.0106089888937999,0.2408513141067462,0.5260418953693586,0.0534956156770362,0.24638108235039,0.6249784517022322
relgnn,rel-event,user-attendance,REGRESSION,0,10,mae,rtx-pro-6000,False,"{""aggr"": ""mean"", ""channels"": 256, ""lr"": 0.0041460591823, ""num_heads"": 4, ""num_model_layers"": 2, ""num_neighbors"": 256, ""subgraph_type"": ""directional""}",f87e8891,r8,0.2575216726160122,,50.049035941,1.296138679999956,,,,,,,,,,,,-0.2421977241343942,0.2575216726160122,0.5832088694589651,,,
relgnn,rel-event,user-attendance,REGRESSION,0,10,mae,rtx-pro-6000,False,"{""aggr"": ""mean"", ""channels"": 256, ""lr"": 0.004093508747, ""num_heads"": 8, ""num_model_layers"": 2, ""num_neighbors"": 64, ""subgraph_type"": ""bidirectional""}",79a48048,r9,0.2575088590345535,,34.346864305,1.189384222000001,,,,,,,,,,,,-0.2420144977166747,0.2575088590345535,0.5831658556896466,,,
relgnn,rel-event,user-attendance,REGRESSION,0,10,mae,rtx-pro-6000,False,"{""aggr"": ""sum"", ""channels"": 64, ""lr"": 0.0041393676084, ""num_heads"": 8, ""num_model_layers"": 2, ""num_neighbors"": 256, ""subgraph_type"": ""directional""}",c642344c,r10,0.2479426569529998,,26.987233203000017,1.2134594249999964,,,,,,,,,,,,-0.1487796593531196,0.2479426569529998,0.5608505164434994,,,
relgnn,rel-event,user-ignore,BINARY_CLASSIFICATION,0,10,roc_auc,rtx-pro-6000,False,"{""aggr"": ""sum"", ""channels"": 128, ""lr"": 0.005, ""num_heads"": 8, ""num_model_layers"": 2, ""num_neighbors"": 128, ""simplified_MP"": false, ""subgraph_type"": ""directional""}",afe1474f,default,0.8384707562764472,0.8801929697304642,97.004136191,1.174095440000002,26.530492158000015,1.2012285560000464,,0.5252807834601632,0.9133095359510454,0.4295302013422818,0.8384707562764472,0.5249480101251025,0.8835546475995915,0.4328358208955223,0.8801929697304642,,,,,,
relgnn,rel-event,user-ignore,BINARY_CLASSIFICATION,0,10,roc_auc,rtx-pro-6000,False,"{""aggr"": ""sum"", ""channels"": 128, ""lr"": 0.0011394964521, ""num_heads"": 4, ""num_model_layers"": 2, ""num_neighbors"": 64, ""subgraph_type"": ""bidirectional""}",70b52bd0,r1,0.8686907863413382,,17.309359778999976,1.1419495700000084,,,,0.5077597627920313,0.8939316675165732,0.5162790697674419,0.8686907863413382,,,,,,,,,,
relgnn,rel-event,user-ignore,BINARY_CLASSIFICATION,0,10,roc_auc,rtx-pro-6000,False,"{""aggr"": ""mean"", ""channels"": 128, ""lr"": 0.0018735112039, ""num_heads"": 4, ""num_model_layers"": 1, ""num_neighbors"": 256, ""subgraph_type"": ""bidirectional""}",79b72acf,r2,0.8493599174017943,,22.80481472400001,1.2154283410000062,,,,0.4990148243215325,0.9087200407955124,0.4985994397759103,0.8493599174017943,,,,,,,,,,
relgnn,rel-event,user-ignore,BINARY_CLASSIFICATION,0,10,roc_auc,rtx-pro-6000,False,"{""aggr"": ""mean"", ""channels"": 256, ""lr"": 0.0030037592231, ""num_heads"": 4, ""num_model_layers"": 1, ""num_neighbors"": 64, ""subgraph_type"": ""directional""}",ce9904b8,r3,0.8578658207126769,,16.555777325000008,1.128696235999996,,,,0.4856241544352215,0.8990311065782763,0.3265306122448979,0.8578658207126769,,,,,,,,,,
relgnn,rel-event,user-ignore,BINARY_CLASSIFICATION,0,10,roc_auc,rtx-pro-6000,False,"{""aggr"": ""sum"", ""channels"": 64, ""lr"": 0.00648886485, ""num_heads"": 4, ""num_model_layers"": 2, ""num_neighbors"": 128, ""subgraph_type"": ""bidirectional""}",f0bb2bad,r4,0.8509166581964276,,20.028051874,1.140006043999989,,,,0.5223597343410998,0.9097399286078532,0.5042016806722689,0.8509166581964276,,,,,,,,,,
relgnn,rel-event,user-ignore,BINARY_CLASSIFICATION,0,10,roc_auc,rtx-pro-6000,False,"{""aggr"": ""mean"", ""channels"": 256, ""lr"": 0.0030197929882, ""num_heads"": 2, ""num_model_layers"": 4, ""num_neighbors"": 128, ""subgraph_type"": ""directional""}",6f19af8d,r5,0.7231743068223764,,40.31760221199997,1.2310451719999946,,,,0.3326120527791352,0.8903620601733809,0.2760942760942761,0.7231743068223764,,,,,,,,,,
relgnn,rel-event,user-ignore,BINARY_CLASSIFICATION,0,10,roc_auc,rtx-pro-6000,False,"{""aggr"": ""mean"", ""channels"": 256, ""lr"": 0.0037019789833, ""num_heads"": 16, ""num_model_layers"": 1, ""num_neighbors"": 256, ""subgraph_type"": ""bidirectional""}",012001ed,r6,0.8537573089247789,,66.69098286999997,1.3957405279999762,,,,0.4929598130711617,0.901580826109128,0.2122448979591836,0.8537573089247789,,,,,,,,,,
relgnn,rel-event,user-ignore,BINARY_CLASSIFICATION,0,10,roc_auc,rtx-pro-6000,True,"{""aggr"": ""mean"", ""channels"": 64, ""lr"": 0.0010442146945, ""num_heads"": 2, ""num_model_layers"": 2, ""num_neighbors"": 256, ""subgraph_type"": ""bidirectional""}",d2fbdf27,r7,0.8748776273344425,0.7973127007702671,24.424274975000003,1.1882428399999867,65.09137964999996,1.2018091270000468,,0.5508368563853278,0.90464048954615,0.5142857142857142,0.8748776273344425,0.4871274826111257,0.8861082737487231,0.4547677261613692,0.7973127007702671,,,,,,
relgnn,rel-event,user-ignore,BINARY_CLASSIFICATION,0,10,roc_auc,rtx-pro-6000,False,"{""aggr"": ""mean"", ""channels"": 256, ""lr"": 0.0041460591823, ""num_heads"": 4, ""num_model_layers"": 2, ""num_neighbors"": 256, ""subgraph_type"": ""directional""}",f87e8891,r8,0.8390190928106392,,49.725485574,1.2057881709999947,,,,0.5131345853740116,0.9041305456399796,0.4502923976608187,0.8390190928106392,,,,,,,,,,
relgnn,rel-event,user-ignore,BINARY_CLASSIFICATION,0,10,roc_auc,rtx-pro-6000,False,"{""aggr"": ""mean"", ""channels"": 256, ""lr"": 0.004093508747, ""num_heads"": 8, ""num_model_layers"": 2, ""num_neighbors"": 64, ""subgraph_type"": ""bidirectional""}",79a48048,r9,0.8648818535379743,,34.10228083000004,1.1859590509999975,,,,0.5172287136042334,0.8934217236104028,0.4708860759493671,0.8648818535379743,,,,,,,,,,
relgnn,rel-event,user-ignore,BINARY_CLASSIFICATION,0,10,roc_auc,rtx-pro-6000,False,"{""aggr"": ""sum"", ""channels"": 64, ""lr"": 0.0041393676084, ""num_heads"": 8, ""num_model_layers"": 2, ""num_neighbors"": 256, ""subgraph_type"": ""directional""}",c642344c,r10,0.8546801191896389,,27.56217404900002,1.2186187890000042,,,,0.5288939080233964,0.8949515553289138,0.4690721649484536,0.8546801191896389,,,,,,,,,,
relgnn,rel-event,user-repeat,BINARY_CLASSIFICATION,0,10,roc_auc,rtx-pro-6000,False,"{""aggr"": ""sum"", ""channels"": 128, ""lr"": 0.005, ""num_heads"": 8, ""num_model_layers"": 2, ""num_neighbors"": 128, ""simplified_MP"": false, ""subgraph_type"": ""directional""}",afe1474f,default,0.5464025026068822,0.7411764705882351,67.514585581,1.0874809579999862,7.94307175299997,1.163900152999986,,0.5161160098475577,0.5171102661596958,0.0863309352517985,0.5464025026068822,0.6313301139215662,0.6951219512195121,0.6666666666666666,0.7411764705882351,,,,,,
relgnn,rel-event,user-repeat,BINARY_CLASSIFICATION,0,10,roc_auc,rtx-pro-6000,False,"{""aggr"": ""sum"", ""channels"": 128, ""lr"": 0.0011394964521, ""num_heads"": 4, ""num_model_layers"": 2, ""num_neighbors"": 64, ""subgraph_type"": ""bidirectional""}",70b52bd0,r1,0.6748348974626347,,6.397594577999996,1.1214885919999915,,,,0.6089800584020115,0.6387832699619772,0.6415094339622641,0.6748348974626347,,,,,,,,,,
relgnn,rel-event,user-repeat,BINARY_CLASSIFICATION,0,10,roc_auc,rtx-pro-6000,False,"{""aggr"": ""mean"", ""channels"": 128, ""lr"": 0.0018735112039, ""num_heads"": 4, ""num_model_layers"": 1, ""num_neighbors"": 256, ""subgraph_type"": ""bidirectional""}",79b72acf,r2,0.6010311667245974,,8.14770219799999,1.093466300000017,,,,0.5672411998150738,0.5285171102661597,0.0461538461538461,0.6010311667245974,,,,,,,,,,
relgnn,rel-event,user-repeat,BINARY_CLASSIFICATION,0,10,roc_auc,rtx-pro-6000,False,"{""aggr"": ""mean"", ""channels"": 256, ""lr"": 0.0030037592231, ""num_heads"": 4, ""num_model_layers"": 1, ""num_neighbors"": 64, ""subgraph_type"": ""directional""}",ce9904b8,r3,0.5592051905920519,,6.279704465000009,1.0830266160000122,,,,0.5395132818427271,0.5551330798479087,0.5224489795918368,0.5592051905920519,,,,,,,,,,
relgnn,rel-event,user-repeat,BINARY_CLASSIFICATION,0,10,roc_auc,rtx-pro-6000,False,"{""aggr"": ""sum"", ""channels"": 64, ""lr"": 0.00648886485, ""num_heads"": 4, ""num_model_layers"": 2, ""num_neighbors"": 128, ""subgraph_type"": ""bidirectional""}",f0bb2bad,r4,0.5294867338662959,,6.5951150219999874,1.0985880570000006,,,,0.5168287119857131,0.5209125475285171,0.1923076923076923,0.5294867338662959,,,,,,,,,,
relgnn,rel-event,user-repeat,BINARY_CLASSIFICATION,0,10,roc_auc,rtx-pro-6000,False,"{""aggr"": ""mean"", ""channels"": 256, ""lr"": 0.0030197929882, ""num_heads"": 2, ""num_model_layers"": 4, ""num_neighbors"": 128, ""subgraph_type"": ""directional""}",6f19af8d,r5,0.5240412466689839,,11.745039983000026,1.1028833660000146,,,,0.4999795216126436,0.4790874524714829,0.6478149100257069,0.5240412466689839,,,,,,,,,,
relgnn,rel-event,user-repeat,BINARY_CLASSIFICATION,0,10,roc_auc,rtx-pro-6000,False,"{""aggr"": ""mean"", ""channels"": 256, ""lr"": 0.0037019789833, ""num_heads"": 16, ""num_model_layers"": 1, ""num_neighbors"": 256, ""subgraph_type"": ""bidirectional""}",012001ed,r6,0.5971498088286409,,17.60553774799999,1.1363718489999997,,,,0.5737273657447464,0.5627376425855514,0.4497607655502392,0.5971498088286409,,,,,,,,,,
relgnn,rel-event,user-repeat,BINARY_CLASSIFICATION,0,10,roc_auc,rtx-pro-6000,True,"{""aggr"": ""mean"", ""channels"": 64, ""lr"": 0.0010442146945, ""num_heads"": 2, ""num_model_layers"": 2, ""num_neighbors"": 256, ""subgraph_type"": ""bidirectional""}",d2fbdf27,r7,0.68908585331943,0.7849598930481283,7.919456165000014,1.0922453150000138,51.47703273500002,1.1564771610000548,,0.6259138849010091,0.6539923954372624,0.6714801444043321,0.68908585331943,0.6782508650823424,0.7154471544715447,0.6902654867256637,0.7849598930481283,,,,,,
relgnn,rel-event,user-repeat,BINARY_CLASSIFICATION,0,10,roc_auc,rtx-pro-6000,False,"{""aggr"": ""mean"", ""channels"": 256, ""lr"": 0.0041460591823, ""num_heads"": 4, ""num_model_layers"": 2, ""num_neighbors"": 256, ""subgraph_type"": ""directional""}",f87e8891,r8,0.5543969412582552,,13.72403945900001,1.1008899550000135,,,,0.5271765351207222,0.4790874524714829,0.6478149100257069,0.5543969412582552,,,,,,,,,,
relgnn,rel-event,user-repeat,BINARY_CLASSIFICATION,0,10,roc_auc,rtx-pro-6000,False,"{""aggr"": ""mean"", ""channels"": 256, ""lr"": 0.004093508747, ""num_heads"": 8, ""num_model_layers"": 2, ""num_neighbors"": 64, ""subgraph_type"": ""bidirectional""}",79a48048,r9,0.5960201598887729,,11.312838005000003,1.0778807519999989,,,,0.5532417802266649,0.5209125475285171,0.0,0.5960201598887729,,,,,,,,,,
relgnn,rel-event,user-repeat,BINARY_CLASSIFICATION,0,10,roc_auc,rtx-pro-6000,False,"{""aggr"": ""sum"", ""channels"": 64, ""lr"": 0.0041393676084, ""num_heads"": 8, ""num_model_layers"": 2, ""num_neighbors"": 256, ""subgraph_type"": ""directional""}",c642344c,r10,0.5427528675703859,,8.583564241000005,1.0981834849999927,,,,0.538309330131307,0.5209125475285171,0.2840909090909091,0.5427528675703859,,,,,,,,,,
relgnn,rel-f1,driver-dnf,BINARY_CLASSIFICATION,0,10,roc_auc,rtx-pro-6000,False,"{""aggr"": ""sum"", ""channels"": 128, ""lr"": 0.005, ""num_heads"": 8, ""num_model_layers"": 2, ""num_neighbors"": 128, ""simplified_MP"": false, ""subgraph_type"": ""directional""}",afe1474f,default,0.6543310657596372,0.6882008490704142,43.448915795000005,0.094340951999996,20.565677697999945,0.1028149599999892,,0.8637960621863187,0.7791519434628975,0.8758689175769613,0.6543310657596372,0.848348125720324,0.7051282051282052,0.8270676691729323,0.6882008490704142,,,,,,
relgnn,rel-f1,driver-dnf,BINARY_CLASSIFICATION,0,10,roc_auc,rtx-pro-6000,False,"{""aggr"": ""sum"", ""channels"": 128, ""lr"": 0.0011394964521, ""num_heads"": 4, ""num_model_layers"": 2, ""num_neighbors"": 64, ""subgraph_type"": ""bidirectional""}",70b52bd0,r1,0.6398730158730159,,15.781388230000005,0.0830922119999968,,,,0.8661654239877397,0.6872791519434629,0.7953757225433526,0.6398730158730159,,,,,,,,,,
relgnn,rel-f1,driver-dnf,BINARY_CLASSIFICATION,0,10,roc_auc,rtx-pro-6000,False,"{""aggr"": ""mean"", ""channels"": 128, ""lr"": 0.0018735112039, ""num_heads"": 4, ""num_model_layers"": 1, ""num_neighbors"": 256, ""subgraph_type"": ""bidirectional""}",79b72acf,r2,0.65697052154195,,10.78288773,0.0781486420000021,,,,0.8730904352284965,0.7791519434628975,0.8758689175769613,0.65697052154195,,,,,,,,,,
relgnn,rel-f1,driver-dnf,BINARY_CLASSIFICATION,0,10,roc_auc,rtx-pro-6000,False,"{""aggr"": ""mean"", ""channels"": 256, ""lr"": 0.0030037592231, ""num_heads"": 4, ""num_model_layers"": 1, ""num_neighbors"": 64, ""subgraph_type"": ""directional""}",ce9904b8,r3,0.6207800453514739,,11.307545246000018,0.0683227099999896,,,,0.8636551621579404,0.7526501766784452,0.8559670781893004,0.6207800453514739,,,,,,,,,,
relgnn,rel-f1,driver-dnf,BINARY_CLASSIFICATION,0,10,roc_auc,rtx-pro-6000,False,"{""aggr"": ""sum"", ""channels"": 64, ""lr"": 0.00648886485, ""num_heads"": 4, ""num_model_layers"": 2, ""num_neighbors"": 128, ""subgraph_type"": ""bidirectional""}",f0bb2bad,r4,0.6502131519274377,,15.786998963000002,0.0797393309999847,,,,0.8563485690016257,0.7791519434628975,0.8758689175769613,0.6502131519274377,,,,,,,,,,
relgnn,rel-f1,driver-dnf,BINARY_CLASSIFICATION,0,10,roc_auc,rtx-pro-6000,False,"{""aggr"": ""mean"", ""channels"": 256, ""lr"": 0.0030197929882, ""num_heads"": 2, ""num_model_layers"": 4, ""num_neighbors"": 128, ""subgraph_type"": ""directional""}",6f19af8d,r5,0.6488072562358276,,34.729587108000004,0.1347422489999985,,,,0.8468114522035831,0.7791519434628975,0.8758689175769613,0.6488072562358276,,,,,,,,,,
relgnn,rel-f1,driver-dnf,BINARY_CLASSIFICATION,0,10,roc_auc,rtx-pro-6000,False,"{""aggr"": ""mean"", ""channels"": 256, ""lr"": 0.0037019789833, ""num_heads"": 16, ""num_model_layers"": 1, ""num_neighbors"": 256, ""subgraph_type"": ""bidirectional""}",012001ed,r6,0.6520181405895691,,35.73354248300001,0.2175684830000079,,,,0.8710646013453037,0.7243816254416962,0.832258064516129,0.6520181405895691,,,,,,,,,,
relgnn,rel-f1,driver-dnf,BINARY_CLASSIFICATION,0,10,roc_auc,rtx-pro-6000,True,"{""aggr"": ""mean"", ""channels"": 64, ""lr"": 0.0010442146945, ""num_heads"": 2, ""num_model_layers"": 2, ""num_neighbors"": 256, ""subgraph_type"": ""bidirectional""}",d2fbdf27,r7,0.6655147392290248,0.7145805884936319,15.283646962000034,0.0745065449999629,19.489334692,0.0880367040000464,,0.8663349724600651,0.7190812720848057,0.8166089965397924,0.6655147392290248,0.851173466509222,0.7108262108262108,0.8182632050134289,0.7145805884936319,,,,,,
relgnn,rel-f1,driver-dnf,BINARY_CLASSIFICATION,0,10,roc_auc,rtx-pro-6000,False,"{""aggr"": ""mean"", ""channels"": 256, ""lr"": 0.0041460591823, ""num_heads"": 4, ""num_model_layers"": 2, ""num_neighbors"": 256, ""subgraph_type"": ""directional""}",f87e8891,r8,0.6471927437641722,,26.61292425900001,0.1217101180000099,,,,0.8723713566172473,0.7791519434628975,0.8758689175769613,0.6471927437641722,,,,,,,,,,
relgnn,rel-f1,driver-dnf,BINARY_CLASSIFICATION,0,10,roc_auc,rtx-pro-6000,False,"{""aggr"": ""mean"", ""channels"": 256, ""lr"": 0.004093508747, ""num_heads"": 8, ""num_model_layers"": 2, ""num_neighbors"": 64, ""subgraph_type"": ""bidirectional""}",79a48048,r9,0.6156643990929704,,39.48563774899998,0.1577215679999994,,,,0.8590352421272992,0.7791519434628975,0.8758689175769613,0.6156643990929704,,,,,,,,,,
relgnn,rel-f1,driver-dnf,BINARY_CLASSIFICATION,0,10,roc_auc,rtx-pro-6000,False,"{""aggr"": ""sum"", ""channels"": 64, ""lr"": 0.0041393676084, ""num_heads"": 8, ""num_model_layers"": 2, ""num_neighbors"": 256, ""subgraph_type"": ""directional""}",c642344c,r10,0.6477006802721088,,13.838389785000004,0.0743830189999812,,,,0.871708811739245,0.7791519434628975,0.8758689175769613,0.6477006802721088,,,,,,,,,,
relgnn,rel-f1,driver-position,REGRESSION,0,10,mae,rtx-pro-6000,False,"{""aggr"": ""sum"", ""channels"": 128, ""lr"": 0.005, ""num_heads"": 8, ""num_model_layers"": 2, ""num_neighbors"": 128, ""simplified_MP"": false, ""subgraph_type"": ""directional""}",afe1474f,default,3.7188260860099103,4.756877975547523,36.196238595,0.0653751060000047,12.80203493800002,0.0925213209999924,,,,,,,,,,-0.0451793527553063,3.7188260860099103,4.739643759470022,-0.2273239369566524,4.756877975547523,5.77230749319647
relgnn,rel-f1,driver-position,REGRESSION,0,10,mae,rtx-pro-6000,False,"{""aggr"": ""sum"", ""channels"": 128, ""lr"": 0.0011394964521, ""num_heads"": 4, ""num_model_layers"": 2, ""num_neighbors"": 64, ""subgraph_type"": ""bidirectional""}",70b52bd0,r1,3.866765239514266,,9.493811293999997,0.05095833499999,,,,,,,,,,,,-0.0001157395922206,3.866765239514266,4.63634153539773,,,
relgnn,rel-f1,driver-position,REGRESSION,0,10,mae,rtx-pro-6000,False,"{""aggr"": ""mean"", ""channels"": 128, ""lr"": 0.0018735112039, ""num_heads"": 4, ""num_model_layers"": 1, ""num_neighbors"": 256, ""subgraph_type"": ""bidirectional""}",79b72acf,r2,3.729407527467451,,6.572464902999982,0.0504077450000011,,,,,,,,,,,,-0.0095555532993323,3.729407527467451,4.658170714231031,,,
relgnn,rel-f1,driver-position,REGRESSION,0,10,mae,rtx-pro-6000,False,"{""aggr"": ""mean"", ""channels"": 256, ""lr"": 0.0030037592231, ""num_heads"": 4, ""num_model_layers"": 1, ""num_neighbors"": 64, ""subgraph_type"": ""directional""}",ce9904b8,r3,3.7060055362596938,,7.214575827999994,0.0473507939999819,,,,,,,,,,,,-0.0307339935759687,3.7060055362596938,4.706776639134668,,,
relgnn,rel-f1,driver-position,REGRESSION,0,10,mae,rtx-pro-6000,False,"{""aggr"": ""sum"", ""channels"": 64, ""lr"": 0.00648886485, ""num_heads"": 4, ""num_model_layers"": 2, ""num_neighbors"": 128, ""subgraph_type"": ""bidirectional""}",f0bb2bad,r4,3.698293928376977,,10.168784051000015,0.0492885049999927,,,,,,,,,,,,0.012168784411682,3.698293928376977,4.607779227125076,,,
relgnn,rel-f1,driver-position,REGRESSION,0,10,mae,rtx-pro-6000,False,"{""aggr"": ""mean"", ""channels"": 256, ""lr"": 0.0030197929882, ""num_heads"": 2, ""num_model_layers"": 4, ""num_neighbors"": 128, ""subgraph_type"": ""directional""}",6f19af8d,r5,3.7510978691085786,,20.999945819000004,0.0921010120000005,,,,,,,,,,,,-0.0477881739110241,3.7510978691085786,4.745555269608032,,,
relgnn,rel-f1,driver-position,REGRESSION,0,10,mae,rtx-pro-6000,True,"{""aggr"": ""mean"", ""channels"": 256, ""lr"": 0.0037019789833, ""num_heads"": 16, ""num_model_layers"": 1, ""num_neighbors"": 256, ""subgraph_type"": ""bidirectional""}",012001ed,r6,3.602468506527011,4.2188533375556005,22.131255063,0.1592558640000163,28.02376296999998,0.2457996210000033,,,,,,,,,,0.0905533303870079,3.602468506527011,4.421187241524442,-0.0667409965198839,4.2188533375556005,5.381450487205644
relgnn,rel-f1,driver-position,REGRESSION,0,10,mae,rtx-pro-6000,False,"{""aggr"": ""mean"", ""channels"": 64, ""lr"": 0.0010442146945, ""num_heads"": 2, ""num_model_layers"": 2, ""num_neighbors"": 256, ""subgraph_type"": ""bidirectional""}",d2fbdf27,r7,4.30799546697256,,9.661610790000026,0.0515843809999978,,,,,,,,,,,,-0.2183718897917532,4.30799546697256,5.117292302797135,,,
relgnn,rel-f1,driver-position,REGRESSION,0,10,mae,rtx-pro-6000,False,"{""aggr"": ""mean"", ""channels"": 256, ""lr"": 0.0041460591823, ""num_heads"": 4, ""num_model_layers"": 2, ""num_neighbors"": 256, ""subgraph_type"": ""directional""}",f87e8891,r8,3.631177256373302,,16.101442652000003,0.1048897929999839,,,,,,,,,,,,0.0389129440448248,3.631177256373302,4.544976622247683,,,
relgnn,rel-f1,driver-position,REGRESSION,0,10,mae,rtx-pro-6000,False,"{""aggr"": ""mean"", ""channels"": 256, ""lr"": 0.004093508747, ""num_heads"": 8, ""num_model_layers"": 2, ""num_neighbors"": 64, ""subgraph_type"": ""bidirectional""}",79a48048,r9,3.845943172661241,,24.244693753999996,0.1197527369999988,,,,,,,,,,,,-0.0176445628789179,3.845943172661241,4.676795153006191,,,
relgnn,rel-f1,driver-position,REGRESSION,0,10,mae,rtx-pro-6000,False,"{""aggr"": ""sum"", ""channels"": 64, ""lr"": 0.0041393676084, ""num_heads"": 8, ""num_model_layers"": 2, ""num_neighbors"": 256, ""subgraph_type"": ""directional""}",c642344c,r10,3.7023515278288106,,8.540246028000013,0.0492214470000078,,,,,,,,,,,,0.0094929892329375,3.7023515278288106,4.614015684906046,,,
relgnn,rel-f1,driver-top3,BINARY_CLASSIFICATION,0,10,roc_auc,rtx-pro-6000,False,"{""aggr"": ""sum"", ""channels"": 128, ""lr"": 0.005, ""num_heads"": 8, ""num_model_layers"": 2, ""num_neighbors"": 128, ""simplified_MP"": false, ""subgraph_type"": ""directional""}",afe1474f,default,0.6334056010463887,0.688323056020067,27.631214934,0.0945337539999968,4.9073771079999915,0.1066774429999952,,0.2730670797883737,0.7976190476190477,0.0,0.6334056010463887,0.2551004123175786,0.8236914600550964,0.0,0.688323056020067,,,,,,
relgnn,rel-f1,driver-top3,BINARY_CLASSIFICATION,0,10,roc_auc,rtx-pro-6000,True,"{""aggr"": ""sum"", ""channels"": 128, ""lr"": 0.0011394964521, ""num_heads"": 4, ""num_model_layers"": 2, ""num_neighbors"": 64, ""subgraph_type"": ""bidirectional""}",70b52bd0,r1,0.6987511422479439,0.7779839046822742,3.3133705010000085,0.0779868489999984,7.427442522999996,0.080565287000013,,0.3529183753115223,0.8078231292517006,0.1629629629629629,0.6987511422479439,0.3172242953279721,0.7823691460055097,0.3828125,0.7779839046822742,,,,,,
relgnn,rel-f1,driver-top3,BINARY_CLASSIFICATION,0,10,roc_auc,rtx-pro-6000,False,"{""aggr"": ""mean"", ""channels"": 128, ""lr"": 0.0018735112039, ""num_heads"": 4, ""num_model_layers"": 1, ""num_neighbors"": 256, ""subgraph_type"": ""bidirectional""}",79b72acf,r2,0.694630090842307,,2.438556048999999,0.074271355999997,,,,0.3699659497802964,0.79421768707483,0.1768707482993197,0.694630090842307,,,,,,,,,,
relgnn,rel-f1,driver-top3,BINARY_CLASSIFICATION,0,10,roc_auc,rtx-pro-6000,False,"{""aggr"": ""mean"", ""channels"": 256, ""lr"": 0.0030037592231, ""num_heads"": 4, ""num_model_layers"": 1, ""num_neighbors"": 64, ""subgraph_type"": ""directional""}",ce9904b8,r3,0.6686495493719875,,2.480020736,0.0687406779999975,,,,0.3353183114979674,0.4625850340136054,0.3992395437262357,0.6686495493719875,,,,,,,,,,
relgnn,rel-f1,driver-top3,BINARY_CLASSIFICATION,0,10,roc_auc,rtx-pro-6000,False,"{""aggr"": ""sum"", ""channels"": 64, ""lr"": 0.00648886485, ""num_heads"": 4, ""num_model_layers"": 2, ""num_neighbors"": 128, ""subgraph_type"": ""bidirectional""}",f0bb2bad,r4,0.683816810306212,,2.8904872880000028,0.0762075930000065,,,,0.3500349521919754,0.7976190476190477,0.0,0.683816810306212,,,,,,,,,,
relgnn,rel-f1,driver-top3,BINARY_CLASSIFICATION,0,10,roc_auc,rtx-pro-6000,False,"{""aggr"": ""mean"", ""channels"": 256, ""lr"": 0.0030197929882, ""num_heads"": 2, ""num_model_layers"": 4, ""num_neighbors"": 128, ""subgraph_type"": ""directional""}",6f19af8d,r5,0.6833778287434376,,7.900212496000009,0.1383814889999968,,,,0.2922449981032942,0.7976190476190477,0.0,0.6833778287434376,,,,,,,,,,
relgnn,rel-f1,driver-top3,BINARY_CLASSIFICATION,0,10,roc_auc,rtx-pro-6000,False,"{""aggr"": ""mean"", ""channels"": 256, ""lr"": 0.0037019789833, ""num_heads"": 16, ""num_model_layers"": 1, ""num_neighbors"": 256, ""subgraph_type"": ""bidirectional""}",012001ed,r6,0.6697066886456076,,8.475214438000009,0.2124302250000198,,,,0.2674072069355224,0.2023809523809523,0.3366336633663366,0.6697066886456076,,,,,,,,,,
relgnn,rel-f1,driver-top3,BINARY_CLASSIFICATION,0,10,roc_auc,rtx-pro-6000,False,"{""aggr"": ""mean"", ""channels"": 64, ""lr"": 0.0010442146945, ""num_heads"": 2, ""num_model_layers"": 2, ""num_neighbors"": 256, ""subgraph_type"": ""bidirectional""}",d2fbdf27,r7,0.6869255164752468,,2.9705026710000197,0.0759863449999898,,,,0.3569092806438781,0.7976190476190477,0.0,0.6869255164752468,,,,,,,,,,
relgnn,rel-f1,driver-top3,BINARY_CLASSIFICATION,0,10,roc_auc,rtx-pro-6000,False,"{""aggr"": ""mean"", ""channels"": 256, ""lr"": 0.0041460591823, ""num_heads"": 4, ""num_model_layers"": 2, ""num_neighbors"": 256, ""subgraph_type"": ""directional""}",f87e8891,r8,0.5754241995305585,,5.794741135999999,0.1224428009999769,,,,0.2535378961222012,0.7976190476190477,0.0,0.5754241995305585,,,,,,,,,,
relgnn,rel-f1,driver-top3,BINARY_CLASSIFICATION,0,10,roc_auc,rtx-pro-6000,False,"{""aggr"": ""mean"", ""channels"": 256, ""lr"": 0.004093508747, ""num_heads"": 8, ""num_model_layers"": 2, ""num_neighbors"": 64, ""subgraph_type"": ""bidirectional""}",79a48048,r9,0.6921843364211356,,8.551839256999983,0.1635385069999984,,,,0.3302284908536446,0.4625850340136054,0.3992395437262357,0.6921843364211356,,,,,,,,,,
relgnn,rel-f1,driver-top3,BINARY_CLASSIFICATION,0,10,roc_auc,rtx-pro-6000,False,"{""aggr"": ""sum"", ""channels"": 64, ""lr"": 0.0041393676084, ""num_heads"": 8, ""num_model_layers"": 2, ""num_neighbors"": 256, ""subgraph_type"": ""directional""}",c642344c,r10,0.655838454784899,,3.047559307,0.0715714119999972,,,,0.3510318650776569,0.6071428571428571,0.384,0.655838454784899,,,,,,,,,,
relgnn,rel-hm,item-sales,REGRESSION,0,10,mae,rtx-pro-6000,False,"{""aggr"": ""sum"", ""channels"": 128, ""lr"": 0.005, ""num_heads"": 8, ""num_model_layers"": 2, ""num_neighbors"": 128, ""simplified_MP"": false, ""subgraph_type"": ""directional""}",afe1474f,default,0.0674924580963458,0.0760870451124123,396.322428431,4.147191627999973,358.0290926539992,4.791128714000479,,,,,,,,,,0.173963001080323,0.0674924580963458,0.6019333184528008,-0.0170498271781662,0.0760870451124123,0.5876541979252354
relgnn,rel-hm,item-sales,REGRESSION,0,10,mae,rtx-pro-6000,False,"{""aggr"": ""sum"", ""channels"": 128, ""lr"": 0.0011394964521, ""num_heads"": 4, ""num_model_layers"": 2, ""num_neighbors"": 64, ""subgraph_type"": ""bidirectional""}",70b52bd0,r1,0.0687050539815321,,340.35709099599995,3.208541940000032,,,,,,,,,,,,0.1696468304291334,0.0687050539815321,0.6035038667244095,,,
relgnn,rel-hm,item-sales,REGRESSION,0,10,mae,rtx-pro-6000,False,"{""aggr"": ""mean"", ""channels"": 128, ""lr"": 0.0018735112039, ""num_heads"": 4, ""num_model_layers"": 1, ""num_neighbors"": 256, ""subgraph_type"": ""bidirectional""}",79b72acf,r2,0.0696156924773445,,418.946819173,5.067347935000043,,,,,,,,,,,,0.1713659373095323,0.0696156924773445,0.6028788163059385,,,
relgnn,rel-hm,item-sales,REGRESSION,0,10,mae,rtx-pro-6000,False,"{""aggr"": ""mean"", ""channels"": 256, ""lr"": 0.0030037592231, ""num_heads"": 4, ""num_model_layers"": 1, ""num_neighbors"": 64, ""subgraph_type"": ""directional""}",ce9904b8,r3,0.0707309279752067,,293.44183555300015,3.0785113360000196,,,,,,,,,,,,0.1518719199929017,0.0707309279752067,0.6099290999671863,,,
relgnn,rel-hm,item-sales,REGRESSION,0,10,mae,rtx-pro-6000,False,"{""aggr"": ""sum"", ""channels"": 64, ""lr"": 0.00648886485, ""num_heads"": 4, ""num_model_layers"": 2, ""num_neighbors"": 128, ""subgraph_type"": ""bidirectional""}",f0bb2bad,r4,0.0693875106275334,,412.7763446889998,3.9088636460001,,,,,,,,,,,,0.1679749110071482,0.0693875106275334,0.6041111399139041,,,
relgnn,rel-hm,item-sales,REGRESSION,0,10,mae,rtx-pro-6000,False,"{""aggr"": ""mean"", ""channels"": 256, ""lr"": 0.0030197929882, ""num_heads"": 2, ""num_model_layers"": 4, ""num_neighbors"": 128, ""subgraph_type"": ""directional""}",6f19af8d,r5,0.085690221805826,,469.332617966,4.834510358999978,,,,,,,,,,,,-0.0167403782891157,0.085690221805826,0.6678111543867765,,,
relgnn,rel-hm,item-sales,REGRESSION,0,10,mae,rtx-pro-6000,False,"{""aggr"": ""mean"", ""channels"": 256, ""lr"": 0.0037019789833, ""num_heads"": 16, ""num_model_layers"": 1, ""num_neighbors"": 256, ""subgraph_type"": ""bidirectional""}",012001ed,r6,0.0697351155139355,,635.0862922229999,9.177254360999996,,,,,,,,,,,,0.1643600348475921,0.0697351155139355,0.6054220499846781,,,
relgnn,rel-hm,item-sales,REGRESSION,0,10,mae,rtx-pro-6000,True,"{""aggr"": ""mean"", ""channels"": 64, ""lr"": 0.0010442146945, ""num_heads"": 2, ""num_model_layers"": 2, ""num_neighbors"": 256, ""subgraph_type"": ""bidirectional""}",d2fbdf27,r7,0.0662671882544377,0.0569981927012677,462.7065531869998,5.094735019999916,487.10616718599977,5.963553741999931,,,,,,,,,,0.1720008066205283,0.0662671882544377,0.6026478201303039,0.2101970528881619,0.0569981927012677,0.5178573000239644
relgnn,rel-hm,item-sales,REGRESSION,0,10,mae,rtx-pro-6000,False,"{""aggr"": ""mean"", ""channels"": 256, ""lr"": 0.0041460591823, ""num_heads"": 4, ""num_model_layers"": 2, ""num_neighbors"": 256, ""subgraph_type"": ""directional""}",f87e8891,r8,0.0670184349240474,,487.0116002939999,6.890765447999911,,,,,,,,,,,,0.1713807378812564,0.0670184349240474,0.6028734321494044,,,
relgnn,rel-hm,item-sales,REGRESSION,0,10,mae,rtx-pro-6000,False,"{""aggr"": ""mean"", ""channels"": 256, ""lr"": 0.004093508747, ""num_heads"": 8, ""num_model_layers"": 2, ""num_neighbors"": 64, ""subgraph_type"": ""bidirectional""}",79a48048,r9,0.0697204500781732,,399.8479798200001,5.061805379999896,,,,,,,,,,,,0.1619279110648405,0.0697204500781732,0.6063024479952656,,,
relgnn,rel-hm,item-sales,REGRESSION,0,10,mae,rtx-pro-6000,False,"{""aggr"": ""sum"", ""channels"": 64, ""lr"": 0.0041393676084, ""num_heads"": 8, ""num_model_layers"": 2, ""num_neighbors"": 256, ""subgraph_type"": ""directional""}",c642344c,r10,0.0673693547454912,,421.9183664330003,4.953876090999984,,,,,,,,,,,,0.166700377846185,0.0673693547454912,0.6045736650540035,,,
relgnn,rel-hm,user-churn,BINARY_CLASSIFICATION,0,10,roc_auc,rtx-pro-6000,False,"{""aggr"": ""sum"", ""channels"": 128, ""lr"": 0.005, ""num_heads"": 8, ""num_model_layers"": 2, ""num_neighbors"": 128, ""simplified_MP"": false, ""subgraph_type"": ""directional""}",afe1474f,default,0.6761594947712015,0.6428630545957197,619.4368140610001,5.402334070000052,512.6608125489993,5.096064112000022,,0.8917038940628307,0.8128036992528346,0.8967365849792118,0.6761594947712015,0.8886041173816872,0.8261347636607442,0.9047905774540328,0.6428630545957197,,,,,,
relgnn,rel-hm,user-churn,BINARY_CLASSIFICATION,0,10,roc_auc,rtx-pro-6000,False,"{""aggr"": ""sum"", ""channels"": 128, ""lr"": 0.0011394964521, ""num_heads"": 4, ""num_model_layers"": 2, ""num_neighbors"": 64, ""subgraph_type"": ""bidirectional""}",70b52bd0,r1,0.6961439662545343,,585.7174255320001,5.120847681999976,,,,0.898415386956819,0.8154945399446157,0.8974196968706653,0.6961439662545343,,,,,,,,,,
relgnn,rel-hm,user-churn,BINARY_CLASSIFICATION,0,10,roc_auc,rtx-pro-6000,False,"{""aggr"": ""mean"", ""channels"": 128, ""lr"": 0.0018735112039, ""num_heads"": 4, ""num_model_layers"": 1, ""num_neighbors"": 256, ""subgraph_type"": ""bidirectional""}",79b72acf,r2,0.6705667224532623,,589.4155569200002,5.367891558999872,,,,0.8883418236783748,0.8128036992528346,0.8967365849792118,0.6705667224532623,,,,,,,,,,
relgnn,rel-hm,user-churn,BINARY_CLASSIFICATION,0,10,roc_auc,rtx-pro-6000,False,"{""aggr"": ""mean"", ""channels"": 256, ""lr"": 0.0030037592231, ""num_heads"": 4, ""num_model_layers"": 1, ""num_neighbors"": 64, ""subgraph_type"": ""directional""}",ce9904b8,r3,0.64110265027961,,526.374643696,4.804626740999993,,,,0.880654021623642,0.8128036992528346,0.8967365849792118,0.64110265027961,,,,,,,,,,
relgnn,rel-hm,user-churn,BINARY_CLASSIFICATION,0,10,roc_auc,rtx-pro-6000,False,"{""aggr"": ""sum"", ""channels"": 64, ""lr"": 0.00648886485, ""num_heads"": 4, ""num_model_layers"": 2, ""num_neighbors"": 128, ""subgraph_type"": ""bidirectional""}",f0bb2bad,r4,0.679152643132119,,597.685518752,5.26239330899989,,,,0.8929180324726005,0.8128036992528346,0.8967365849792118,0.679152643132119,,,,,,,,,,
relgnn,rel-hm,user-churn,BINARY_CLASSIFICATION,0,10,roc_auc,rtx-pro-6000,False,"{""aggr"": ""mean"", ""channels"": 256, ""lr"": 0.0030197929882, ""num_heads"": 2, ""num_model_layers"": 4, ""num_neighbors"": 128, ""subgraph_type"": ""directional""}",6f19af8d,r5,0.6842199813573696,,662.5114776380001,5.642767029000424,,,,0.8935069241575906,0.8096034275562987,0.8917618404051505,0.6842199813573696,,,,,,,,,,
relgnn,rel-hm,user-churn,BINARY_CLASSIFICATION,0,10,roc_auc,rtx-pro-6000,False,"{""aggr"": ""mean"", ""channels"": 256, ""lr"": 0.0037019789833, ""num_heads"": 16, ""num_model_layers"": 1, ""num_neighbors"": 256, ""subgraph_type"": ""bidirectional""}",012001ed,r6,0.6663178713434219,,605.5767835499996,6.597146202000658,,,,0.8880621539117666,0.8128036992528346,0.8967365849792118,0.6663178713434219,,,,,,,,,,
relgnn,rel-hm,user-churn,BINARY_CLASSIFICATION,0,10,roc_auc,rtx-pro-6000,True,"{""aggr"": ""mean"", ""channels"": 64, ""lr"": 0.0010442146945, ""num_heads"": 2, ""num_model_layers"": 2, ""num_neighbors"": 256, ""subgraph_type"": ""bidirectional""}",d2fbdf27,r7,0.6992207471299507,0.6921678434027281,609.6308990930002,5.284985696000149,563.5448363699998,5.0350821399997585,,0.8986208890717974,0.8174930769632687,0.8967789598108747,0.6992207471299507,0.904843245539785,0.8287093530003352,0.9050090722508104,0.6921678434027281,,,,,,
relgnn,rel-hm,user-churn,BINARY_CLASSIFICATION,0,10,roc_auc,rtx-pro-6000,False,"{""aggr"": ""mean"", ""channels"": 256, ""lr"": 0.0041460591823, ""num_heads"": 4, ""num_model_layers"": 2, ""num_neighbors"": 256, ""subgraph_type"": ""directional""}",f87e8891,r8,0.6697038292189492,,590.182956611,5.59397566700045,,,,0.889140397232939,0.8128036992528346,0.8967365849792118,0.6697038292189492,,,,,,,,,,
relgnn,rel-hm,user-churn,BINARY_CLASSIFICATION,0,10,roc_auc,rtx-pro-6000,False,"{""aggr"": ""mean"", ""channels"": 256, ""lr"": 0.004093508747, ""num_heads"": 8, ""num_model_layers"": 2, ""num_neighbors"": 64, ""subgraph_type"": ""bidirectional""}",79a48048,r9,0.6676039470747558,,628.5293497809998,6.6116717470004005,,,,0.8884399271730526,0.8128690109201108,0.8966735906756679,0.6676039470747558,,,,,,,,,,
relgnn,rel-hm,user-churn,BINARY_CLASSIFICATION,0,10,roc_auc,rtx-pro-6000,False,"{""aggr"": ""sum"", ""channels"": 64, ""lr"": 0.0041393676084, ""num_heads"": 8, ""num_model_layers"": 2, ""num_neighbors"": 256, ""subgraph_type"": ""directional""}",c642344c,r10,0.6840702028006335,,579.3417670140007,5.137377058999846,,,,0.8940770087635754,0.8132086315899473,0.8968968102901309,0.6840702028006335,,,,,,,,,,
relgnn,rel-stack,post-votes,REGRESSION,0,10,mae,rtx-pro-6000,False,"{""aggr"": ""sum"", ""channels"": 128, ""lr"": 0.005, ""num_heads"": 8, ""num_model_layers"": 2, ""num_neighbors"": 128, ""simplified_MP"": false, ""subgraph_type"": ""directional""}",afe1474f,default,0.0616902224719524,0.0852017700672149,1396.886214242,12.17806822700004,1255.5765782339986,3.1354766330005077,,,,,,,,,,-0.0284039974212646,0.0616902224719524,0.3712007403373718,-0.0173107385635375,0.0852017700672149,0.372259646654129
relgnn,rel-stack,post-votes,REGRESSION,0,10,mae,rtx-pro-6000,False,"{""aggr"": ""sum"", ""channels"": 128, ""lr"": 0.0011394964521, ""num_heads"": 4, ""num_model_layers"": 2, ""num_neighbors"": 64, ""subgraph_type"": ""bidirectional""}",70b52bd0,r1,0.0616902224719524,,1245.2214425180002,9.965675504000046,,,,,,,,,,,,-0.0284039974212646,0.0616902224719524,0.3712007403373718,,,
relgnn,rel-stack,post-votes,REGRESSION,0,10,mae,rtx-pro-6000,True,"{""aggr"": ""mean"", ""channels"": 128, ""lr"": 0.0018735112039, ""num_heads"": 4, ""num_model_layers"": 1, ""num_neighbors"": 256, ""subgraph_type"": ""bidirectional""}",79b72acf,r2,0.0603909268975257,0.0680174082517623,1082.6655859469995,10.371001636000074,1127.6563223500016,2.5881585699971765,,,,,,,,,,0.0621460676193237,0.0603909268975257,0.3544822931289673,-0.0339866876602172,0.0680174082517623,0.3752983212471008
relgnn,rel-stack,post-votes,REGRESSION,0,10,mae,rtx-pro-6000,False,"{""aggr"": ""mean"", ""channels"": 256, ""lr"": 0.0030037592231, ""num_heads"": 4, ""num_model_layers"": 1, ""num_neighbors"": 64, ""subgraph_type"": ""directional""}",ce9904b8,r3,0.0616902224719524,,891.4223824179999,9.494430765999825,,,,,,,,,,,,-0.0284039974212646,0.0616902224719524,0.3712007403373718,,,
relgnn,rel-stack,post-votes,REGRESSION,0,10,mae,rtx-pro-6000,False,"{""aggr"": ""sum"", ""channels"": 64, ""lr"": 0.00648886485, ""num_heads"": 4, ""num_model_layers"": 2, ""num_neighbors"": 128, ""subgraph_type"": ""bidirectional""}",f0bb2bad,r4,0.0616902224719524,,1374.879469675,11.508694776000084,,,,,,,,,,,,-0.0284039974212646,0.0616902224719524,0.3712007403373718,,,
relgnn,rel-stack,post-votes,REGRESSION,0,10,mae,rtx-pro-6000,False,"{""aggr"": ""mean"", ""channels"": 256, ""lr"": 0.0030197929882, ""num_heads"": 2, ""num_model_layers"": 4, ""num_neighbors"": 128, ""subgraph_type"": ""directional""}",6f19af8d,r5,0.0616902224719524,,1970.6519708799997,14.566791886999454,,,,,,,,,,,,-0.0284039974212646,0.0616902224719524,0.3712007403373718,,,
relgnn,rel-stack,post-votes,REGRESSION,0,10,mae,rtx-pro-6000,False,"{""aggr"": ""mean"", ""channels"": 256, ""lr"": 0.0037019789833, ""num_heads"": 16, ""num_model_layers"": 1, ""num_neighbors"": 256, ""subgraph_type"": ""bidirectional""}",012001ed,r6,0.0616902224719524,,2135.845431077999,19.903954905999857,,,,,,,,,,,,-0.0284039974212646,0.0616902224719524,0.3712007403373718,,,
relgnn,rel-stack,post-votes,REGRESSION,0,10,mae,rtx-pro-6000,False,"{""aggr"": ""mean"", ""channels"": 64, ""lr"": 0.0010442146945, ""num_heads"": 2, ""num_model_layers"": 2, ""num_neighbors"": 256, ""subgraph_type"": ""bidirectional""}",d2fbdf27,r7,0.0616892129182815,,1355.056438988,11.162569623998934,,,,,,,,,,,,-0.0281919240951538,0.0616892129182815,0.3711624443531036,,,
relgnn,rel-stack,post-votes,REGRESSION,0,10,mae,rtx-pro-6000,False,"{""aggr"": ""mean"", ""channels"": 256, ""lr"": 0.0041460591823, ""num_heads"": 4, ""num_model_layers"": 2, ""num_neighbors"": 256, ""subgraph_type"": ""directional""}",f87e8891,r8,0.0616902224719524,,1843.26492021,16.182488335000016,,,,,,,,,,,,-0.0284039974212646,0.0616902224719524,0.3712007403373718,,,
relgnn,rel-stack,post-votes,REGRESSION,0,10,mae,rtx-pro-6000,False,"{""aggr"": ""mean"", ""channels"": 256, ""lr"": 0.004093508747, ""num_heads"": 8, ""num_model_layers"": 2, ""num_neighbors"": 64, ""subgraph_type"": ""bidirectional""}",79a48048,r9,0.0616902224719524,,1858.9367726950004,15.200890517000516,,,,,,,,,,,,-0.0284039974212646,0.0616902224719524,0.3712007403373718,,,
relgnn,rel-stack,post-votes,REGRESSION,0,10,mae,rtx-pro-6000,False,"{""aggr"": ""sum"", ""channels"": 64, ""lr"": 0.0041393676084, ""num_heads"": 8, ""num_model_layers"": 2, ""num_neighbors"": 256, ""subgraph_type"": ""directional""}",c642344c,r10,0.0616902224719524,,1481.9827988919988,12.6614157719996,,,,,,,,,,,,-0.0284039974212646,0.0616902224719524,0.3712007403373718,,,
relgnn,rel-stack,user-badge,BINARY_CLASSIFICATION,0,10,roc_auc,rtx-pro-6000,False,"{""aggr"": ""sum"", ""channels"": 128, ""lr"": 0.005, ""num_heads"": 8, ""num_model_layers"": 2, ""num_neighbors"": 128, ""simplified_MP"": false, ""subgraph_type"": ""directional""}",afe1474f,default,0.8870077399668874,0.6082231566861989,1001.74800378,9.516611680000096,856.6682939919992,4.7024910939999245,,0.3157203817203773,0.9714791550457158,0.2549102428722281,0.8870077399668874,0.0387233667548097,0.973625469924812,0.0,0.6082231566861989,,,,,,
relgnn,rel-stack,user-badge,BINARY_CLASSIFICATION,0,10,roc_auc,rtx-pro-6000,False,"{""aggr"": ""sum"", ""channels"": 128, ""lr"": 0.0011394964521, ""num_heads"": 4, ""num_model_layers"": 2, ""num_neighbors"": 64, ""subgraph_type"": ""bidirectional""}",70b52bd0,r1,0.8938919114561834,,978.766511542,9.796212878999995,,,,0.339943498623673,0.972404789044374,0.2286747260196588,0.8938919114561834,,,,,,,,,,
relgnn,rel-stack,user-badge,BINARY_CLASSIFICATION,0,10,roc_auc,rtx-pro-6000,False,"{""aggr"": ""mean"", ""channels"": 128, ""lr"": 0.0018735112039, ""num_heads"": 4, ""num_model_layers"": 1, ""num_neighbors"": 256, ""subgraph_type"": ""bidirectional""}",79b72acf,r2,0.8853215720555603,,702.1301774059998,8.199531615000069,,,,0.3167123639291168,0.9717540157964092,0.1156669197671475,0.8853215720555603,,,,,,,,,,
relgnn,rel-stack,user-badge,BINARY_CLASSIFICATION,0,10,roc_auc,rtx-pro-6000,False,"{""aggr"": ""mean"", ""channels"": 256, ""lr"": 0.0030037592231, ""num_heads"": 4, ""num_model_layers"": 1, ""num_neighbors"": 64, ""subgraph_type"": ""directional""}",ce9904b8,r3,0.8835676191975911,,677.7450406479998,7.74010996700008,,,,0.3028149155337444,0.971543828163526,0.2208942009738822,0.8835676191975911,,,,,,,,,,
relgnn,rel-stack,user-badge,BINARY_CLASSIFICATION,0,10,roc_auc,rtx-pro-6000,False,"{""aggr"": ""sum"", ""channels"": 64, ""lr"": 0.00648886485, ""num_heads"": 4, ""num_model_layers"": 2, ""num_neighbors"": 128, ""subgraph_type"": ""bidirectional""}",f0bb2bad,r4,0.8873178384061513,,954.9456374829996,9.642425017999813,,,,0.3164745026694321,0.971960161359429,0.1407159668029233,0.8873178384061513,,,,,,,,,,
relgnn,rel-stack,user-badge,BINARY_CLASSIFICATION,0,10,roc_auc,rtx-pro-6000,False,"{""aggr"": ""mean"", ""channels"": 256, ""lr"": 0.0030197929882, ""num_heads"": 2, ""num_model_layers"": 4, ""num_neighbors"": 128, ""subgraph_type"": ""directional""}",6f19af8d,r5,0.8856819925751633,,1540.152495751,13.79602323600011,,,,0.3052758467453606,0.9718025206347668,0.1972382048331415,0.8856819925751633,,,,,,,,,,
relgnn,rel-stack,user-badge,BINARY_CLASSIFICATION,0,10,roc_auc,rtx-pro-6000,False,"{""aggr"": ""mean"", ""channels"": 256, ""lr"": 0.0037019789833, ""num_heads"": 16, ""num_model_layers"": 1, ""num_neighbors"": 256, ""subgraph_type"": ""bidirectional""}",012001ed,r6,0.8869512765185268,,724.3760322919998,9.585163933999866,,,,0.3219403974687331,0.9720329186169654,0.1371742112482853,0.8869512765185268,,,,,,,,,,
relgnn,rel-stack,user-badge,BINARY_CLASSIFICATION,0,10,roc_auc,rtx-pro-6000,True,"{""aggr"": ""mean"", ""channels"": 64, ""lr"": 0.0010442146945, ""num_heads"": 2, ""num_model_layers"": 2, ""num_neighbors"": 256, ""subgraph_type"": ""bidirectional""}",d2fbdf27,r7,0.8943306511755407,0.6109435062853116,977.8493263110004,9.971861624999292,897.1078660410003,4.872481724998579,,0.3315443601682563,0.9715357440237996,0.2473279179136383,0.8943306511755407,0.0396435569079339,0.973625469924812,0.0,0.6109435062853116,,,,,,
relgnn,rel-stack,user-badge,BINARY_CLASSIFICATION,0,10,roc_auc,rtx-pro-6000,False,"{""aggr"": ""mean"", ""channels"": 256, ""lr"": 0.0041460591823, ""num_heads"": 4, ""num_model_layers"": 2, ""num_neighbors"": 256, ""subgraph_type"": ""directional""}",f87e8891,r8,0.8884057821361849,,1004.9918643579996,10.144713098001375,,,,0.3243072208664964,0.971778268215588,0.2526225647612931,0.8884057821361849,,,,,,,,,,
relgnn,rel-stack,user-badge,BINARY_CLASSIFICATION,0,10,roc_auc,rtx-pro-6000,False,"{""aggr"": ""mean"", ""channels"": 256, ""lr"": 0.004093508747, ""num_heads"": 8, ""num_model_layers"": 2, ""num_neighbors"": 64, ""subgraph_type"": ""bidirectional""}",79a48048,r9,0.888284198109706,,1000.609565822,10.41129529599857,,,,0.3150197099995476,0.9717944364950404,0.1506815968841285,0.888284198109706,,,,,,,,,,
relgnn,rel-stack,user-badge,BINARY_CLASSIFICATION,0,10,roc_auc,rtx-pro-6000,False,"{""aggr"": ""sum"", ""channels"": 64, ""lr"": 0.0041393676084, ""num_heads"": 8, ""num_model_layers"": 2, ""num_neighbors"": 256, ""subgraph_type"": ""directional""}",c642344c,r10,0.891989882060388,,1018.6424708760004,9.433461851000176,,,,0.3336298307752202,0.9722148117608064,0.1671916646474436,0.891989882060388,,,,,,,,,,
relgnn,rel-stack,user-engagement,BINARY_CLASSIFICATION,0,10,roc_auc,rtx-pro-6000,False,"{""aggr"": ""sum"", ""channels"": 128, ""lr"": 0.005, ""num_heads"": 8, ""num_model_layers"": 2, ""num_neighbors"": 128, ""simplified_MP"": false, ""subgraph_type"": ""directional""}",afe1474f,default,0.8983263758472251,0.8955707008719039,1052.043970652,4.259994667000001,941.9778203699988,4.386110797999208,,0.3913339703734264,0.9751354500436936,0.324255858138062,0.8983263758472251,0.3685368158620367,0.9751182817658872,0.2345549738219895,0.8955707008719039,,,,,,
relgnn,rel-stack,user-engagement,BINARY_CLASSIFICATION,0,10,roc_auc,rtx-pro-6000,False,"{""aggr"": ""sum"", ""channels"": 128, ""lr"": 0.0011394964521, ""num_heads"": 4, ""num_model_layers"": 2, ""num_neighbors"": 64, ""subgraph_type"": ""bidirectional""}",70b52bd0,r1,0.9025351639262968,,994.1397250210002,4.311298395999984,,,,0.4010879767921734,0.9752170113603262,0.2821464731690853,0.9025351639262968,,,,,,,,,,
relgnn,rel-stack,user-engagement,BINARY_CLASSIFICATION,0,10,roc_auc,rtx-pro-6000,False,"{""aggr"": ""mean"", ""channels"": 128, ""lr"": 0.0018735112039, ""num_heads"": 4, ""num_model_layers"": 1, ""num_neighbors"": 256, ""subgraph_type"": ""bidirectional""}",79b72acf,r2,0.8958838020250842,,778.4489137119999,3.900263713000186,,,,0.3587992852699498,0.9741334110107778,0.2489851150202977,0.8958838020250842,,,,,,,,,,
relgnn,rel-stack,user-engagement,BINARY_CLASSIFICATION,0,10,roc_auc,rtx-pro-6000,False,"{""aggr"": ""mean"", ""channels"": 256, ""lr"": 0.0030037592231, ""num_heads"": 4, ""num_model_layers"": 1, ""num_neighbors"": 64, ""subgraph_type"": ""directional""}",ce9904b8,r3,0.8971722430937007,,752.105539361,3.609010838999893,,,,0.3667618041031597,0.9744013981939994,0.2933419105821808,0.8971722430937007,,,,,,,,,,
relgnn,rel-stack,user-engagement,BINARY_CLASSIFICATION,0,10,roc_auc,rtx-pro-6000,False,"{""aggr"": ""sum"", ""channels"": 64, ""lr"": 0.00648886485, ""num_heads"": 4, ""num_model_layers"": 2, ""num_neighbors"": 128, ""subgraph_type"": ""bidirectional""}",f0bb2bad,r4,0.8955112000225364,,1011.7443284250004,4.3575520820004385,,,,0.3764767026881487,0.974494611127294,0.214567635450305,0.8955112000225364,,,,,,,,,,
relgnn,rel-stack,user-engagement,BINARY_CLASSIFICATION,0,10,roc_auc,rtx-pro-6000,False,"{""aggr"": ""mean"", ""channels"": 256, ""lr"": 0.0030197929882, ""num_heads"": 2, ""num_model_layers"": 4, ""num_neighbors"": 128, ""subgraph_type"": ""directional""}",6f19af8d,r5,0.8906141145256792,,1566.5017729210003,5.884519125000224,,,,0.3574273397843783,0.9739469851441888,0.2273669661368348,0.8906141145256792,,,,,,,,,,
relgnn,rel-stack,user-engagement,BINARY_CLASSIFICATION,0,10,roc_auc,rtx-pro-6000,False,"{""aggr"": ""mean"", ""channels"": 256, ""lr"": 0.0037019789833, ""num_heads"": 16, ""num_model_layers"": 1, ""num_neighbors"": 256, ""subgraph_type"": ""bidirectional""}",012001ed,r6,0.8979654874888365,,950.1933648100004,5.779984822999722,,,,0.3800989322059709,0.9748907660937955,0.3028146230993206,0.8979654874888365,,,,,,,,,,
relgnn,rel-stack,user-engagement,BINARY_CLASSIFICATION,0,10,roc_auc,rtx-pro-6000,True,"{""aggr"": ""mean"", ""channels"": 64, ""lr"": 0.0010442146945, ""num_heads"": 2, ""num_model_layers"": 2, ""num_neighbors"": 256, ""subgraph_type"": ""bidirectional""}",d2fbdf27,r7,0.9027869474868117,0.9055020053522314,1055.474985152,4.67124374299965,1035.190877846,4.7428679229997215,,0.4007884294796117,0.9751820565103408,0.3389199255121042,0.9027869474868117,0.393278303420875,0.9754359690028024,0.2986718496922578,0.9055020053522314,,,,,,
relgnn,rel-stack,user-engagement,BINARY_CLASSIFICATION,0,10,roc_auc,rtx-pro-6000,False,"{""aggr"": ""mean"", ""channels"": 256, ""lr"": 0.0041460591823, ""num_heads"": 4, ""num_model_layers"": 2, ""num_neighbors"": 256, ""subgraph_type"": ""directional""}",f87e8891,r8,0.8976448644708452,,1039.369291801,4.805849132999356,,,,0.3848617098887504,0.9746227789105738,0.2187948350071736,0.8976448644708452,,,,,,,,,,
relgnn,rel-stack,user-engagement,BINARY_CLASSIFICATION,0,10,roc_auc,rtx-pro-6000,False,"{""aggr"": ""mean"", ""channels"": 256, ""lr"": 0.004093508747, ""num_heads"": 8, ""num_model_layers"": 2, ""num_neighbors"": 64, ""subgraph_type"": ""bidirectional""}",79a48048,r9,0.8967203684686955,,1153.969367517,5.409901351998997,,,,0.3859492112999543,0.9749024177104574,0.2909809084924292,0.8967203684686955,,,,,,,,,,
relgnn,rel-stack,user-engagement,BINARY_CLASSIFICATION,0,10,roc_auc,rtx-pro-6000,False,"{""aggr"": ""sum"", ""channels"": 64, ""lr"": 0.0041393676084, ""num_heads"": 8, ""num_model_layers"": 2, ""num_neighbors"": 256, ""subgraph_type"": ""directional""}",c642344c,r10,0.8992787808148186,,1005.1570389089992,4.2744349780004995,,,,0.3856787407567525,0.974797553160501,0.2615227039945373,0.8992787808148186,,,,,,,,,,
relgnn,rel-trial,site-success,REGRESSION,0,10,mae,rtx-pro-6000,False,"{""aggr"": ""sum"", ""channels"": 128, ""lr"": 0.005, ""num_heads"": 8, ""num_model_layers"": 2, ""num_neighbors"": 128, ""simplified_MP"": false, ""subgraph_type"": ""directional""}",afe1474f,default,0.4061889835141807,0.3624891135266889,237.219427467,1.3446078339999872,193.2614316559998,1.583131283000057,,,,,,,,,,-0.4153238730760993,0.4061889835141807,0.5683000396233542,-0.3626513731399787,0.3624891135266889,0.5617413185196797
relgnn,rel-trial,site-success,REGRESSION,0,10,mae,rtx-pro-6000,False,"{""aggr"": ""sum"", ""channels"": 128, ""lr"": 0.0011394964521, ""num_heads"": 4, ""num_model_layers"": 2, ""num_neighbors"": 64, ""subgraph_type"": ""bidirectional""}",70b52bd0,r1,0.3983499891377933,,181.77133991100004,1.8323105089999672,,,,,,,,,,,,-0.5534375338447253,0.3983499891377933,0.5953833253154627,,,
relgnn,rel-trial,site-success,REGRESSION,0,10,mae,rtx-pro-6000,False,"{""aggr"": ""mean"", ""channels"": 128, ""lr"": 0.0018735112039, ""num_heads"": 4, ""num_model_layers"": 1, ""num_neighbors"": 256, ""subgraph_type"": ""bidirectional""}",79b72acf,r2,0.3896199674713319,,130.62910357400006,1.2952806299999793,,,,,,,,,,,,-0.4868216437762154,0.3896199674713319,0.5824775716548765,,,
relgnn,rel-trial,site-success,REGRESSION,0,10,mae,rtx-pro-6000,False,"{""aggr"": ""mean"", ""channels"": 256, ""lr"": 0.0030037592231, ""num_heads"": 4, ""num_model_layers"": 1, ""num_neighbors"": 64, ""subgraph_type"": ""directional""}",ce9904b8,r3,0.3947773023049149,,100.28390392800009,1.0915353299999424,,,,,,,,,,,,-0.4043353463863477,0.3947773023049149,0.5660896096924226,,,
relgnn,rel-trial,site-success,REGRESSION,0,10,mae,rtx-pro-6000,True,"{""aggr"": ""sum"", ""channels"": 64, ""lr"": 0.00648886485, ""num_heads"": 4, ""num_model_layers"": 2, ""num_neighbors"": 128, ""subgraph_type"": ""bidirectional""}",f0bb2bad,r4,0.3430763997082921,0.462167151512017,187.647294548,1.3706013940000048,223.36787036099983,1.576088226000138,,,,,,,,,,-0.2425381464241298,0.3430763997082921,0.5324816371281139,-0.9068669935519936,0.462167151512017,0.6645140854576226
relgnn,rel-trial,site-success,REGRESSION,0,10,mae,rtx-pro-6000,False,"{""aggr"": ""mean"", ""channels"": 256, ""lr"": 0.0030197929882, ""num_heads"": 2, ""num_model_layers"": 4, ""num_neighbors"": 128, ""subgraph_type"": ""directional""}",6f19af8d,r5,0.4683825215011726,,267.0228262090001,1.604292428000008,,,,,,,,,,,,-0.4329230304888776,0.4683825215011726,0.5718224496109559,,,
relgnn,rel-trial,site-success,REGRESSION,0,10,mae,rtx-pro-6000,False,"{""aggr"": ""mean"", ""channels"": 256, ""lr"": 0.0037019789833, ""num_heads"": 16, ""num_model_layers"": 1, ""num_neighbors"": 256, ""subgraph_type"": ""bidirectional""}",012001ed,r6,0.3601506930936056,,158.905453933,1.920295473000124,,,,,,,,,,,,-0.3021586700258714,0.3601506930936056,0.5451069555695517,,,
relgnn,rel-trial,site-success,REGRESSION,0,10,mae,rtx-pro-6000,False,"{""aggr"": ""mean"", ""channels"": 64, ""lr"": 0.0010442146945, ""num_heads"": 2, ""num_model_layers"": 2, ""num_neighbors"": 256, ""subgraph_type"": ""bidirectional""}",d2fbdf27,r7,0.3812637423910101,,189.14758593500005,1.8461669509999863,,,,,,,,,,,,-0.492728056717628,0.3812637423910101,0.583633373745405,,,
relgnn,rel-trial,site-success,REGRESSION,0,10,mae,rtx-pro-6000,False,"{""aggr"": ""mean"", ""channels"": 256, ""lr"": 0.0041460591823, ""num_heads"": 4, ""num_model_layers"": 2, ""num_neighbors"": 256, ""subgraph_type"": ""directional""}",f87e8891,r8,0.3518942331392134,,189.54373976300008,1.528450434999968,,,,,,,,,,,,-0.3406080558671791,0.3518942331392134,0.5530962100758825,,,
relgnn,rel-trial,site-success,REGRESSION,0,10,mae,rtx-pro-6000,False,"{""aggr"": ""mean"", ""channels"": 256, ""lr"": 0.004093508747, ""num_heads"": 8, ""num_model_layers"": 2, ""num_neighbors"": 64, ""subgraph_type"": ""bidirectional""}",79a48048,r9,0.3662853421581339,,187.69112831999996,1.6113373460000275,,,,,,,,,,,,-0.4090485105925838,0.3662853421581339,0.5670387556446299,,,
relgnn,rel-trial,site-success,REGRESSION,0,10,mae,rtx-pro-6000,False,"{""aggr"": ""sum"", ""channels"": 64, ""lr"": 0.0041393676084, ""num_heads"": 8, ""num_model_layers"": 2, ""num_neighbors"": 256, ""subgraph_type"": ""directional""}",c642344c,r10,0.3805682050160774,,190.30806543900007,1.3852917010003694,,,,,,,,,,,,-0.4697870824236316,0.3805682050160774,0.5791312275146128,,,
relgnn,rel-trial,study-adverse,REGRESSION,0,10,mae,rtx-pro-6000,False,"{""aggr"": ""sum"", ""channels"": 128, ""lr"": 0.005, ""num_heads"": 8, ""num_model_layers"": 2, ""num_neighbors"": 128, ""simplified_MP"": false, ""subgraph_type"": ""directional""}",afe1474f,default,49.16333298815686,49.36958005276176,102.452359344,0.3554695739999829,55.83468316800008,0.3218700730000137,,,,,,,,,,0.0423098838606439,49.16333298815686,382.752250713477,0.1054044581131978,49.36958005276176,236.16088134907992
relgnn,rel-trial,study-adverse,REGRESSION,0,10,mae,rtx-pro-6000,False,"{""aggr"": ""sum"", ""channels"": 128, ""lr"": 0.0011394964521, ""num_heads"": 4, ""num_model_layers"": 2, ""num_neighbors"": 64, ""subgraph_type"": ""bidirectional""}",70b52bd0,r1,50.262476858717115,,56.408361326999994,0.3522859139999923,,,,,,,,,,,,0.0123302636103911,50.262476858717115,388.6969419090403,,,
relgnn,rel-trial,study-adverse,REGRESSION,0,10,mae,rtx-pro-6000,False,"{""aggr"": ""mean"", ""channels"": 128, ""lr"": 0.0018735112039, ""num_heads"": 4, ""num_model_layers"": 1, ""num_neighbors"": 256, ""subgraph_type"": ""bidirectional""}",79b72acf,r2,49.30445958405435,,46.617166749000006,0.3413592160000007,,,,,,,,,,,,0.0290955170961263,49.30445958405435,385.3838434845885,,,
relgnn,rel-trial,study-adverse,REGRESSION,0,10,mae,rtx-pro-6000,False,"{""aggr"": ""mean"", ""channels"": 256, ""lr"": 0.0030037592231, ""num_heads"": 4, ""num_model_layers"": 1, ""num_neighbors"": 64, ""subgraph_type"": ""directional""}",ce9904b8,r3,48.55215045496059,,44.579218673000014,0.3006133979999958,,,,,,,,,,,,0.0511242980963153,48.55215045496059,380.9867862987109,,,
relgnn,rel-trial,study-adverse,REGRESSION,0,10,mae,rtx-pro-6000,False,"{""aggr"": ""sum"", ""channels"": 64, ""lr"": 0.00648886485, ""num_heads"": 4, ""num_model_layers"": 2, ""num_neighbors"": 128, ""subgraph_type"": ""bidirectional""}",f0bb2bad,r4,49.6960337714865,,59.829326124999966,0.3618902639999533,,,,,,,,,,,,0.0266420539461096,49.6960337714865,385.8704662659012,,,
relgnn,rel-trial,study-adverse,REGRESSION,0,10,mae,rtx-pro-6000,False,"{""aggr"": ""mean"", ""channels"": 256, ""lr"": 0.0030197929882, ""num_heads"": 2, ""num_model_layers"": 4, ""num_neighbors"": 128, ""subgraph_type"": ""directional""}",6f19af8d,r5,49.58432827837707,,86.90825596299999,0.4233553810000217,,,,,,,,,,,,0.0378560088740659,49.58432827837707,383.6412403870623,,,
relgnn,rel-trial,study-adverse,REGRESSION,0,10,mae,rtx-pro-6000,False,"{""aggr"": ""mean"", ""channels"": 256, ""lr"": 0.0037019789833, ""num_heads"": 16, ""num_model_layers"": 1, ""num_neighbors"": 256, ""subgraph_type"": ""bidirectional""}",012001ed,r6,49.22759442486789,,47.73132906799992,0.3619257820000712,,,,,,,,,,,,0.0447977566509462,49.22759442486789,382.2547734364176,,,
relgnn,rel-trial,study-adverse,REGRESSION,0,10,mae,rtx-pro-6000,False,"{""aggr"": ""mean"", ""channels"": 64, ""lr"": 0.0010442146945, ""num_heads"": 2, ""num_model_layers"": 2, ""num_neighbors"": 256, ""subgraph_type"": ""bidirectional""}",d2fbdf27,r7,51.845936595426,,59.739088643999935,0.3716118029999506,,,,,,,,,,,,-0.001791807026406,51.845936595426,391.465945973991,,,
relgnn,rel-trial,study-adverse,REGRESSION,0,10,mae,rtx-pro-6000,False,"{""aggr"": ""mean"", ""channels"": 256, ""lr"": 0.0041460591823, ""num_heads"": 4, ""num_model_layers"": 2, ""num_neighbors"": 256, ""subgraph_type"": ""directional""}",f87e8891,r8,48.63438239859498,,59.35084159899998,0.3679684349999661,,,,,,,,,,,,0.0570031203324524,48.63438239859498,379.80473815989393,,,
relgnn,rel-trial,study-adverse,REGRESSION,0,10,mae,rtx-pro-6000,False,"{""aggr"": ""mean"", ""channels"": 256, ""lr"": 0.004093508747, ""num_heads"": 8, ""num_model_layers"": 2, ""num_neighbors"": 64, ""subgraph_type"": ""bidirectional""}",79a48048,r9,48.69817116997879,,56.86194177499999,0.3619168190000437,,,,,,,,,,,,0.0557673504832442,48.69817116997879,380.0535181861172,,,
relgnn,rel-trial,study-adverse,REGRESSION,0,10,mae,rtx-pro-6000,True,"{""aggr"": ""sum"", ""channels"": 64, ""lr"": 0.0041393676084, ""num_heads"": 8, ""num_model_layers"": 2, ""num_neighbors"": 256, ""subgraph_type"": ""directional""}",c642344c,r10,48.0826277246158,48.3012060464352,54.88845237299995,0.3460728009999911,91.67029229400008,0.3371403919999238,,,,,,,,,,0.0512772518148935,48.0826277246158,380.9560785389357,0.1286503325314478,48.3012060464352,233.0723907744834
relgnn,rel-trial,study-outcome,BINARY_CLASSIFICATION,0,10,roc_auc,rtx-pro-6000,False,"{""aggr"": ""sum"", ""channels"": 128, ""lr"": 0.005, ""num_heads"": 8, ""num_model_layers"": 2, ""num_neighbors"": 128, ""simplified_MP"": false, ""subgraph_type"": ""directional""}",afe1474f,default,0.6331738437001595,0.6714370467230879,64.46398517100002,0.1975820769999927,17.16437691499999,0.2157832039999903,,0.695481668039002,0.5864583333333333,0.7382992748846408,0.6331738437001595,0.7401965918780257,0.6278787878787879,0.7241689128481581,0.6714370467230879,,,,,,
relgnn,rel-trial,study-outcome,BINARY_CLASSIFICATION,0,10,roc_auc,rtx-pro-6000,False,"{""aggr"": ""sum"", ""channels"": 128, ""lr"": 0.0011394964521, ""num_heads"": 4, ""num_model_layers"": 2, ""num_neighbors"": 64, ""subgraph_type"": ""bidirectional""}",70b52bd0,r1,0.663990636126859,,17.601606581,0.1985344660000123,,,,0.7249307934582567,0.6177083333333333,0.7357811375089993,0.663990636126859,,,,,,,,,,
relgnn,rel-trial,study-outcome,BINARY_CLASSIFICATION,0,10,roc_auc,rtx-pro-6000,False,"{""aggr"": ""mean"", ""channels"": 128, ""lr"": 0.0018735112039, ""num_heads"": 4, ""num_model_layers"": 1, ""num_neighbors"": 256, ""subgraph_type"": ""bidirectional""}",79b72acf,r2,0.6529693216999719,,15.217107203000012,0.2030911939999953,,,,0.7138713427373038,0.6322916666666667,0.7187250996015936,0.6529693216999719,,,,,,,,,,
relgnn,rel-trial,study-outcome,BINARY_CLASSIFICATION,0,10,roc_auc,rtx-pro-6000,True,"{""aggr"": ""mean"", ""channels"": 256, ""lr"": 0.0030037592231, ""num_heads"": 4, ""num_model_layers"": 1, ""num_neighbors"": 64, ""subgraph_type"": ""directional""}",ce9904b8,r3,0.6673367911758006,0.6918261838170305,13.825612457999997,0.1770215279999831,44.85109980100003,0.1900628590000224,,0.7184175451451484,0.634375,0.704793944491169,0.6673367911758006,0.7463524024137389,0.6642424242424242,0.7506750675067507,0.6918261838170305,,,,,,
relgnn,rel-trial,study-outcome,BINARY_CLASSIFICATION,0,10,roc_auc,rtx-pro-6000,False,"{""aggr"": ""sum"", ""channels"": 64, ""lr"": 0.00648886485, ""num_heads"": 4, ""num_model_layers"": 2, ""num_neighbors"": 128, ""subgraph_type"": ""bidirectional""}",f0bb2bad,r4,0.6405407458039037,,18.25656667600001,0.1983461920000024,,,,0.7036183892571534,0.6125,0.7009646302250804,0.6405407458039037,,,,,,,,,,
relgnn,rel-trial,study-outcome,BINARY_CLASSIFICATION,0,10,roc_auc,rtx-pro-6000,False,"{""aggr"": ""mean"", ""channels"": 256, ""lr"": 0.0030197929882, ""num_heads"": 2, ""num_model_layers"": 4, ""num_neighbors"": 128, ""subgraph_type"": ""directional""}",6f19af8d,r5,0.5714352726736628,,26.82851393599998,0.2154864280000197,,,,0.6233309339653038,0.584375,0.73767258382643,0.5714352726736628,,,,,,,,,,
relgnn,rel-trial,study-outcome,BINARY_CLASSIFICATION,0,10,roc_auc,rtx-pro-6000,False,"{""aggr"": ""mean"", ""channels"": 256, ""lr"": 0.0037019789833, ""num_heads"": 16, ""num_model_layers"": 1, ""num_neighbors"": 256, ""subgraph_type"": ""bidirectional""}",012001ed,r6,0.6666085892092084,,17.019639265000023,0.209109810999962,,,,0.7280516562749674,0.6385416666666667,0.7235059760956175,0.6666085892092084,,,,,,,,,,
relgnn,rel-trial,study-outcome,BINARY_CLASSIFICATION,0,10,roc_auc,rtx-pro-6000,False,"{""aggr"": ""mean"", ""channels"": 64, ""lr"": 0.0010442146945, ""num_heads"": 2, ""num_model_layers"": 2, ""num_neighbors"": 256, ""subgraph_type"": ""bidirectional""}",d2fbdf27,r7,0.6518613825115374,,18.796620784000027,0.21247286199997,,,,0.7064009165611765,0.6166666666666667,0.7203647416413373,0.6518613825115374,,,,,,,,,,
relgnn,rel-trial,study-outcome,BINARY_CLASSIFICATION,0,10,roc_auc,rtx-pro-6000,False,"{""aggr"": ""mean"", ""channels"": 256, ""lr"": 0.0041460591823, ""num_heads"": 4, ""num_model_layers"": 2, ""num_neighbors"": 256, ""subgraph_type"": ""directional""}",f87e8891,r8,0.6323920317728366,,18.437540668999983,0.1938840320000281,,,,0.6993221289771921,0.5864583333333333,0.737953795379538,0.6323920317728366,,,,,,,,,,
relgnn,rel-trial,study-outcome,BINARY_CLASSIFICATION,0,10,roc_auc,rtx-pro-6000,False,"{""aggr"": ""mean"", ""channels"": 256, ""lr"": 0.004093508747, ""num_heads"": 8, ""num_model_layers"": 2, ""num_neighbors"": 64, ""subgraph_type"": ""bidirectional""}",79a48048,r9,0.6239708004413888,,18.63488747900004,0.2081430339999883,,,,0.6834438228255821,0.6166666666666667,0.7306002928257687,0.6239708004413888,,,,,,,,,,
relgnn,rel-trial,study-outcome,BINARY_CLASSIFICATION,0,10,roc_auc,rtx-pro-6000,False,"{""aggr"": ""sum"", ""channels"": 64, ""lr"": 0.0041393676084, ""num_heads"": 8, ""num_model_layers"": 2, ""num_neighbors"": 256, ""subgraph_type"": ""directional""}",c642344c,r10,0.6373866931142473,,17.065060992000042,0.1923904230000062,,,,0.7012903679821716,0.6229166666666667,0.7108626198083067,0.6373866931142473,,,,,,,,,,
